s_m,x_m,y_m,target_speed_mps,mission,direction,fsm_zone,fsm_event_ids,fsm_actions,fsm_conditions,fsm_hold_sec,direction_source
0.0000,-0.0425,-0.8127,0.300,PARALLEL_PARK,1,PARALLEL_PARK,PARALLEL_PARK_START,ENTER_ZONE,,0.000,PARALLEL_1_BYPASS_FORWARD
0.1000,-0.0317,-0.7133,0.300,PARALLEL_PARK,1,PARALLEL_PARK,,,,0.000,PARALLEL_1_BYPASS_FORWARD
0.2000,-0.0234,-0.6137,0.300,PARALLEL_PARK,1,PARALLEL_PARK,,,,0.000,PARALLEL_1_BYPASS_FORWARD
0.3000,-0.0176,-0.5139,0.300,PARALLEL_PARK,1,PARALLEL_PARK,,,,0.000,PARALLEL_1_BYPASS_FORWARD
0.3999,-0.0141,-0.4139,0.300,PARALLEL_PARK,1,PARALLEL_PARK,,,,0.000,PARALLEL_1_BYPASS_FORWARD
0.5000,-0.0130,-0.3139,0.300,PARALLEL_PARK,1,PARALLEL_PARK,,,,0.000,PARALLEL_1_BYPASS_FORWARD
0.6000,-0.0142,-0.2139,0.300,PARALLEL_PARK,1,PARALLEL_PARK,,,,0.000,PARALLEL_1_BYPASS_FORWARD
0.7000,-0.0178,-0.1140,0.300,PARALLEL_PARK,1,PARALLEL_PARK,,,,0.000,PARALLEL_1_BYPASS_FORWARD
0.8000,-0.0237,-0.0141,0.300,PARALLEL_PARK,1,PARALLEL_PARK,,,,0.000,PARALLEL_1_BYPASS_FORWARD
0.9000,-0.0318,0.0855,0.300,PARALLEL_PARK,1,PARALLEL_PARK,,,,0.000,PARALLEL_1_BYPASS_FORWARD
1.0000,-0.0421,0.1850,0.300,PARALLEL_PARK,1,PARALLEL_PARK,,,,0.000,PARALLEL_1_BYPASS_FORWARD
1.1000,-0.0546,0.2842,0.300,PARALLEL_PARK,1,PARALLEL_PARK,,,,0.000,PARALLEL_1_BYPASS_FORWARD
1.1999,-0.0691,0.3831,0.300,PARALLEL_PARK,1,PARALLEL_PARK,,,,0.000,PARALLEL_1_BYPASS_FORWARD
1.3000,-0.0857,0.4817,0.300,PARALLEL_PARK,1,PARALLEL_PARK,,,,0.000,PARALLEL_1_BYPASS_FORWARD
1.4000,-0.1043,0.5800,0.300,PARALLEL_PARK,1,PARALLEL_PARK,,,,0.000,PARALLEL_1_BYPASS_FORWARD
1.5000,-0.1249,0.6778,0.300,PARALLEL_PARK,1,PARALLEL_PARK,,,,0.000,PARALLEL_1_BYPASS_FORWARD
1.6000,-0.1473,0.7753,0.300,PARALLEL_PARK,1,PARALLEL_PARK,,,,0.000,PARALLEL_1_BYPASS_FORWARD
1.7000,-0.1717,0.8723,0.300,PARALLEL_PARK,1,PARALLEL_PARK,,,,0.000,PARALLEL_1_BYPASS_FORWARD
1.7999,-0.1977,0.9688,0.300,PARALLEL_PARK,1,PARALLEL_PARK,,,,0.000,PARALLEL_1_BYPASS_FORWARD
1.9000,-0.2256,1.0649,0.300,PARALLEL_PARK,1,PARALLEL_PARK,,,,0.000,PARALLEL_1_BYPASS_FORWARD
2.0000,-0.2552,1.1604,0.300,PARALLEL_PARK,1,PARALLEL_PARK,,,,0.000,PARALLEL_1_BYPASS_FORWARD
2.1000,-0.2864,1.2554,0.300,PARALLEL_PARK,1,PARALLEL_PARK,,,,0.000,PARALLEL_1_BYPASS_FORWARD
2.2000,-0.3193,1.3499,0.300,PARALLEL_PARK,1,PARALLEL_PARK,,,,0.000,PARALLEL_1_BYPASS_FORWARD
2.3000,-0.3536,1.4438,0.300,PARALLEL_PARK,1,PARALLEL_PARK,,,,0.000,PARALLEL_1_BYPASS_FORWARD
2.4000,-0.3894,1.5372,0.300,PARALLEL_PARK,1,PARALLEL_PARK,,,,0.000,PARALLEL_1_BYPASS_FORWARD
2.4999,-0.4267,1.6299,0.300,PARALLEL_PARK,1,PARALLEL_PARK,,,,0.000,PARALLEL_1_BYPASS_FORWARD
2.6000,-0.4654,1.7221,0.300,PARALLEL_PARK,1,PARALLEL_PARK,,,,0.000,PARALLEL_1_BYPASS_FORWARD
2.6999,-0.5055,1.8137,0.300,PARALLEL_PARK,1,PARALLEL_PARK,,,,0.000,PARALLEL_1_BYPASS_FORWARD
2.8000,-0.5469,1.9048,0.300,PARALLEL_PARK,1,PARALLEL_PARK,,,,0.000,PARALLEL_1_BYPASS_FORWARD
2.8999,-0.5895,1.9952,0.300,PARALLEL_PARK,1,PARALLEL_PARK,,,,0.000,PARALLEL_1_BYPASS_FORWARD
3.0000,-0.6334,2.0851,0.300,PARALLEL_PARK,1,PARALLEL_PARK,,,,0.000,PARALLEL_1_BYPASS_FORWARD
3.1000,-0.6785,2.1743,0.300,PARALLEL_PARK,1,PARALLEL_PARK,,,,0.000,PARALLEL_1_BYPASS_FORWARD
3.1999,-0.7248,2.2630,0.300,PARALLEL_PARK,1,PARALLEL_PARK,,,,0.000,PARALLEL_1_BYPASS_FORWARD
3.3000,-0.7721,2.3511,0.300,PARALLEL_PARK,1,PARALLEL_PARK,,,,0.000,PARALLEL_1_BYPASS_FORWARD
3.3999,-0.8205,2.4385,0.300,PARALLEL_PARK,1,PARALLEL_PARK,,,,0.000,PARALLEL_1_BYPASS_FORWARD
3.5000,-0.8701,2.5254,0.300,PARALLEL_PARK,1,PARALLEL_PARK,,,,0.000,PARALLEL_1_BYPASS_FORWARD
3.5999,-0.9206,2.6117,0.300,PARALLEL_PARK,1,PARALLEL_PARK,,,,0.000,PARALLEL_1_BYPASS_FORWARD
3.7000,-0.9721,2.6975,0.300,PARALLEL_PARK,1,PARALLEL_PARK,,,,0.000,PARALLEL_1_BYPASS_FORWARD
3.8000,-1.0246,2.7826,0.300,PARALLEL_PARK,1,PARALLEL_PARK,,,,0.000,PARALLEL_1_BYPASS_FORWARD
3.9000,-1.0781,2.8671,0.300,PARALLEL_PARK,1,PARALLEL_PARK,,,,0.000,PARALLEL_1_BYPASS_FORWARD
4.0000,-1.1324,2.9510,0.300,PARALLEL_PARK,1,PARALLEL_PARK,,,,0.000,PARALLEL_1_BYPASS_FORWARD
4.1000,-1.1876,3.0344,0.300,PARALLEL_PARK,1,PARALLEL_PARK,,,,0.000,PARALLEL_1_BYPASS_FORWARD
4.2000,-1.2435,3.1173,0.300,PARALLEL_PARK,1,PARALLEL_PARK,,,,0.000,PARALLEL_1_BYPASS_FORWARD
4.2999,-1.3004,3.1995,0.300,PARALLEL_PARK,1,PARALLEL_PARK,,,,0.000,PARALLEL_1_BYPASS_FORWARD
4.4000,-1.3581,3.2812,0.300,PARALLEL_PARK,1,PARALLEL_PARK,,,,0.000,PARALLEL_1_BYPASS_FORWARD
4.5000,-1.4165,3.3624,0.300,PARALLEL_PARK,1,PARALLEL_PARK,,,,0.000,PARALLEL_1_BYPASS_FORWARD
4.6000,-1.4757,3.4430,0.300,PARALLEL_PARK,1,PARALLEL_PARK,,,,0.000,PARALLEL_1_BYPASS_FORWARD
4.6999,-1.5356,3.5230,0.300,PARALLEL_PARK,1,PARALLEL_PARK,,,,0.000,PARALLEL_1_BYPASS_FORWARD
4.8000,-1.5963,3.6026,0.300,PARALLEL_PARK,1,PARALLEL_PARK,,,,0.000,PARALLEL_1_BYPASS_FORWARD
4.9000,-1.6576,3.6816,0.300,PARALLEL_PARK,1,PARALLEL_PARK,,,,0.000,PARALLEL_1_BYPASS_FORWARD
5.0000,-1.7196,3.7600,0.300,PARALLEL_PARK,1,PARALLEL_PARK,,,,0.000,PARALLEL_1_BYPASS_FORWARD
5.0999,-1.7822,3.8379,0.300,PARALLEL_PARK,1,PARALLEL_PARK,,,,0.000,PARALLEL_1_BYPASS_FORWARD
5.1999,-1.8456,3.9153,0.300,PARALLEL_PARK,1,PARALLEL_PARK,,,,0.000,PARALLEL_1_BYPASS_FORWARD
5.3000,-1.9095,3.9923,0.300,PARALLEL_PARK,1,PARALLEL_PARK,,,,0.000,PARALLEL_1_BYPASS_FORWARD
5.3999,-1.9740,4.0686,0.300,PARALLEL_PARK,1,PARALLEL_PARK,,,,0.000,PARALLEL_1_BYPASS_FORWARD
5.5000,-2.0391,4.1446,0.300,PARALLEL_PARK,1,PARALLEL_PARK,,,,0.000,PARALLEL_1_BYPASS_FORWARD
5.5999,-2.1047,4.2199,0.300,PARALLEL_PARK,1,PARALLEL_PARK,,,,0.000,PARALLEL_1_BYPASS_FORWARD
5.7000,-2.1711,4.2949,0.300,PARALLEL_PARK,1,PARALLEL_PARK,,,,0.000,PARALLEL_1_BYPASS_FORWARD
5.8000,-2.2378,4.3693,0.300,PARALLEL_PARK,1,PARALLEL_PARK,,,,0.000,PARALLEL_1_BYPASS_FORWARD
5.9000,-2.3051,4.4433,0.300,PARALLEL_PARK,1,PARALLEL_PARK,,,,0.000,PARALLEL_1_BYPASS_FORWARD
6.0000,-2.3729,4.5168,0.300,PARALLEL_PARK,1,PARALLEL_PARK,,,,0.000,PARALLEL_1_BYPASS_FORWARD
6.1000,-2.4414,4.5898,0.300,PARALLEL_PARK,1,PARALLEL_PARK,,,,0.000,PARALLEL_1_BYPASS_FORWARD
6.2000,-2.5101,4.6623,0.300,PARALLEL_PARK,1,PARALLEL_PARK,,,,0.000,PARALLEL_1_BYPASS_FORWARD
6.3000,-2.5795,4.7343,0.300,PARALLEL_PARK,1,PARALLEL_PARK,,,,0.000,PARALLEL_1_BYPASS_FORWARD
6.3999,-2.6493,4.8059,0.300,PARALLEL_PARK,1,PARALLEL_PARK,,,,0.000,PARALLEL_1_BYPASS_FORWARD
6.5000,-2.7195,4.8772,0.300,PARALLEL_PARK,1,PARALLEL_PARK,,,,0.000,PARALLEL_1_BYPASS_FORWARD
6.5999,-2.7902,4.9478,0.300,PARALLEL_PARK,1,PARALLEL_PARK,,,,0.000,PARALLEL_1_BYPASS_FORWARD
6.7000,-2.8614,5.0181,0.300,PARALLEL_PARK,1,PARALLEL_PARK,,,,0.000,PARALLEL_1_BYPASS_FORWARD
6.8000,-2.9330,5.0879,0.300,PARALLEL_PARK,1,PARALLEL_PARK,,,,0.000,PARALLEL_1_BYPASS_FORWARD
6.9000,-3.0050,5.1573,0.300,PARALLEL_PARK,1,PARALLEL_PARK,,,,0.000,PARALLEL_1_BYPASS_FORWARD
6.9999,-3.0774,5.2263,0.300,PARALLEL_PARK,1,PARALLEL_PARK,,,,0.000,PARALLEL_1_BYPASS_FORWARD
7.0999,-3.1502,5.2948,0.300,PARALLEL_PARK,1,PARALLEL_PARK,,,,0.000,PARALLEL_1_BYPASS_FORWARD
7.2000,-3.2234,5.3629,0.300,PARALLEL_PARK,1,PARALLEL_PARK,,,,0.000,PARALLEL_1_BYPASS_FORWARD
7.3000,-3.2971,5.4306,0.300,PARALLEL_PARK,1,PARALLEL_PARK,,,,0.000,PARALLEL_1_BYPASS_FORWARD
7.3999,-3.3710,5.4979,0.300,PARALLEL_PARK,1,PARALLEL_PARK,,,,0.000,PARALLEL_1_BYPASS_FORWARD
7.4999,-3.4454,5.5647,0.300,PARALLEL_PARK,1,PARALLEL_PARK,,,,0.000,PARALLEL_1_BYPASS_FORWARD
7.6000,-3.5201,5.6312,0.300,PARALLEL_PARK,1,PARALLEL_PARK,,,,0.000,PARALLEL_1_BYPASS_FORWARD
7.7000,-3.5952,5.6973,0.300,PARALLEL_PARK,1,PARALLEL_PARK,,,,0.000,PARALLEL_1_BYPASS_FORWARD
7.8000,-3.6706,5.7629,0.300,PARALLEL_PARK,1,PARALLEL_PARK,,,,0.000,PARALLEL_1_BYPASS_FORWARD
7.8999,-3.7463,5.8282,0.300,PARALLEL_PARK,1,PARALLEL_PARK,,,,0.000,PARALLEL_1_BYPASS_FORWARD
8.0000,-3.8225,5.8930,0.300,PARALLEL_PARK,1,PARALLEL_PARK,,,,0.000,PARALLEL_1_BYPASS_FORWARD
8.1000,-3.8990,5.9575,0.300,PARALLEL_PARK,1,PARALLEL_PARK,,,,0.000,PARALLEL_1_BYPASS_FORWARD
8.2000,-3.9757,6.0215,0.300,PARALLEL_PARK,1,PARALLEL_PARK,,,,0.000,PARALLEL_1_BYPASS_FORWARD
8.3000,-4.0528,6.0853,0.300,PARALLEL_PARK,1,PARALLEL_PARK,,,,0.000,PARALLEL_1_BYPASS_FORWARD
8.4000,-4.1303,6.1486,0.300,PARALLEL_PARK,1,PARALLEL_PARK,,,,0.000,PARALLEL_1_BYPASS_FORWARD
8.5000,-4.2080,6.2115,0.300,PARALLEL_PARK,1,PARALLEL_PARK,,,,0.000,PARALLEL_1_BYPASS_FORWARD
8.5999,-4.2859,6.2740,0.300,PARALLEL_PARK,1,PARALLEL_PARK,,,,0.000,PARALLEL_1_BYPASS_FORWARD
8.6999,-4.3643,6.3361,0.300,PARALLEL_PARK,1,PARALLEL_PARK,,,,0.000,PARALLEL_1_BYPASS_FORWARD
8.8000,-4.4430,6.3980,0.300,PARALLEL_PARK,1,PARALLEL_PARK,,,,0.000,PARALLEL_1_BYPASS_FORWARD
8.9000,-4.5218,6.4595,0.300,PARALLEL_PARK,1,PARALLEL_PARK,,,,0.000,PARALLEL_1_BYPASS_FORWARD
9.0000,-4.6010,6.5205,0.300,PARALLEL_PARK,1,PARALLEL_PARK,,,,0.000,PARALLEL_1_BYPASS_FORWARD
9.0999,-4.6805,6.5812,0.300,PARALLEL_PARK,1,PARALLEL_PARK,,,,0.000,PARALLEL_1_BYPASS_FORWARD
9.1999,-4.7602,6.6415,0.300,PARALLEL_PARK,1,PARALLEL_PARK,,,,0.000,PARALLEL_1_BYPASS_FORWARD
9.2999,-4.8403,6.7014,0.300,PARALLEL_PARK,1,PARALLEL_PARK,,,,0.000,PARALLEL_1_BYPASS_FORWARD
9.3999,-4.9205,6.7611,0.300,PARALLEL_PARK,1,PARALLEL_PARK,,,,0.000,PARALLEL_1_BYPASS_FORWARD
9.4999,-5.0011,6.8203,0.300,PARALLEL_PARK,1,PARALLEL_PARK,,,,0.000,PARALLEL_1_BYPASS_FORWARD
9.6000,-5.0819,6.8792,0.300,PARALLEL_PARK,1,PARALLEL_PARK,,,,0.000,PARALLEL_1_BYPASS_FORWARD
9.6999,-5.1630,6.9378,0.300,PARALLEL_PARK,1,PARALLEL_PARK,,,,0.000,PARALLEL_1_BYPASS_FORWARD
9.8000,-5.2444,6.9960,0.300,PARALLEL_PARK,1,PARALLEL_PARK,,,,0.000,PARALLEL_1_BYPASS_FORWARD
9.8999,-5.3259,7.0538,0.300,PARALLEL_PARK,1,PARALLEL_PARK,,,,0.000,PARALLEL_1_BYPASS_FORWARD
9.9999,-5.4077,7.1113,0.300,PARALLEL_PARK,1,PARALLEL_PARK,,,,0.000,PARALLEL_1_BYPASS_FORWARD
10.1000,-5.4898,7.1685,0.300,PARALLEL_PARK,1,PARALLEL_PARK,,,,0.000,PARALLEL_1_BYPASS_FORWARD
10.1999,-5.5720,7.2253,0.300,PARALLEL_PARK,1,PARALLEL_PARK,,,,0.000,PARALLEL_1_BYPASS_FORWARD
10.3000,-5.6546,7.2817,0.300,PARALLEL_PARK,1,PARALLEL_PARK,,,,0.000,PARALLEL_1_BYPASS_FORWARD
10.4000,-5.7374,7.3378,0.300,PARALLEL_PARK,1,PARALLEL_PARK,,,,0.000,PARALLEL_1_BYPASS_FORWARD
10.5000,-5.8204,7.3936,0.300,PARALLEL_PARK,1,PARALLEL_PARK,,,,0.000,PARALLEL_1_BYPASS_FORWARD
10.6000,-5.9036,7.4491,0.300,PARALLEL_PARK,1,PARALLEL_PARK,,,,0.000,PARALLEL_1_BYPASS_FORWARD
10.7000,-5.9870,7.5042,0.300,PARALLEL_PARK,1,PARALLEL_PARK,,,,0.000,PARALLEL_1_BYPASS_FORWARD
10.8000,-6.0707,7.5590,0.300,PARALLEL_PARK,1,PARALLEL_PARK,,,,0.000,PARALLEL_1_BYPASS_FORWARD
10.8999,-6.1546,7.6133,0.300,PARALLEL_PARK,1,PARALLEL_PARK,,,,0.000,PARALLEL_1_BYPASS_FORWARD
10.9999,-6.2388,7.6674,0.300,PARALLEL_PARK,1,PARALLEL_PARK,,,,0.000,PARALLEL_1_BYPASS_FORWARD
11.1000,-6.3231,7.7212,0.300,PARALLEL_PARK,1,PARALLEL_PARK,,,,0.000,PARALLEL_1_BYPASS_FORWARD
11.2000,-6.4076,7.7746,0.300,PARALLEL_PARK,1,PARALLEL_PARK,,,,0.000,PARALLEL_1_BYPASS_FORWARD
11.3000,-6.4924,7.8277,0.300,PARALLEL_PARK,1,PARALLEL_PARK,,,,0.000,PARALLEL_1_BYPASS_FORWARD
11.4000,-6.5774,7.8805,0.300,PARALLEL_PARK,1,PARALLEL_PARK,,,,0.000,PARALLEL_1_BYPASS_FORWARD
11.5000,-6.6625,7.9328,0.300,PARALLEL_PARK,1,PARALLEL_PARK,,,,0.000,PARALLEL_1_BYPASS_FORWARD
11.5999,-6.7478,7.9850,0.300,PARALLEL_PARK,1,PARALLEL_PARK,,,,0.000,PARALLEL_1_BYPASS_FORWARD
11.7000,-6.8334,8.0368,0.300,PARALLEL_PARK,1,PARALLEL_PARK,,,,0.000,PARALLEL_1_BYPASS_FORWARD
11.7999,-6.9191,8.0881,0.300,PARALLEL_PARK,1,PARALLEL_PARK,,,,0.000,PARALLEL_1_BYPASS_FORWARD
11.9000,-7.0051,8.1392,0.300,PARALLEL_PARK,1,PARALLEL_PARK,,,,0.000,PARALLEL_1_BYPASS_FORWARD
11.9999,-7.0912,8.1900,0.300,PARALLEL_PARK,1,PARALLEL_PARK,,,,0.000,PARALLEL_1_BYPASS_FORWARD
12.1000,-7.1776,8.2404,0.300,PARALLEL_PARK,1,PARALLEL_PARK,,,,0.000,PARALLEL_1_BYPASS_FORWARD
12.1999,-7.2641,8.2906,0.300,PARALLEL_PARK,1,PARALLEL_PARK,,,,0.000,PARALLEL_1_BYPASS_FORWARD
12.2999,-7.3508,8.3403,0.300,PARALLEL_PARK,1,PARALLEL_PARK,,,,0.000,PARALLEL_1_BYPASS_FORWARD
12.3999,-7.4378,8.3898,0.300,PARALLEL_PARK,1,PARALLEL_PARK,,,,0.000,PARALLEL_1_BYPASS_FORWARD
12.5000,-7.5249,8.4389,0.300,PARALLEL_PARK,1,PARALLEL_PARK,,,,0.000,PARALLEL_1_BYPASS_FORWARD
12.6000,-7.6122,8.4877,0.300,PARALLEL_PARK,1,PARALLEL_PARK,,,,0.000,PARALLEL_1_BYPASS_FORWARD
12.6999,-7.6996,8.5362,0.300,PARALLEL_PARK,1,PARALLEL_PARK,,,,0.000,PARALLEL_1_BYPASS_FORWARD
12.7999,-7.7872,8.5843,0.300,PARALLEL_PARK,1,PARALLEL_PARK,,,,0.000,PARALLEL_1_BYPASS_FORWARD
12.8999,-7.8751,8.6321,0.300,PARALLEL_PARK,1,PARALLEL_PARK,,,,0.000,PARALLEL_1_BYPASS_FORWARD
12.9999,-7.9631,8.6797,0.300,PARALLEL_PARK,1,PARALLEL_PARK,,,,0.000,PARALLEL_1_BYPASS_FORWARD
13.0999,-8.0513,8.7267,0.300,PARALLEL_PARK,1,PARALLEL_PARK,,,,0.000,PARALLEL_1_BYPASS_FORWARD
13.1999,-8.1397,8.7736,0.300,PARALLEL_PARK,1,PARALLEL_PARK,,,,0.000,PARALLEL_1_BYPASS_FORWARD
13.2999,-8.2282,8.8200,0.300,PARALLEL_PARK,1,PARALLEL_PARK,,,,0.000,PARALLEL_1_BYPASS_FORWARD
13.3999,-8.3169,8.8662,0.300,PARALLEL_PARK,1,PARALLEL_PARK,,,,0.000,PARALLEL_1_BYPASS_FORWARD
13.4999,-8.4058,8.9120,0.300,PARALLEL_PARK,1,PARALLEL_PARK,,,,0.000,PARALLEL_1_BYPASS_FORWARD
13.6000,-8.4949,8.9575,0.300,PARALLEL_PARK,1,PARALLEL_PARK,,,,0.000,PARALLEL_1_BYPASS_FORWARD
13.7000,-8.5841,9.0027,0.300,PARALLEL_PARK,1,PARALLEL_PARK,,,,0.000,PARALLEL_1_BYPASS_FORWARD
13.7999,-8.6735,9.0474,0.300,PARALLEL_PARK,1,PARALLEL_PARK,,,,0.000,PARALLEL_1_BYPASS_FORWARD
13.8999,-8.7630,9.0920,0.300,PARALLEL_PARK,1,PARALLEL_PARK,,,,0.000,PARALLEL_1_BYPASS_FORWARD
13.9999,-8.8528,9.1361,0.300,PARALLEL_PARK,1,PARALLEL_PARK,,,,0.000,PARALLEL_1_BYPASS_FORWARD
14.0999,-8.9427,9.1799,0.300,PARALLEL_PARK,1,PARALLEL_PARK,,,,0.000,PARALLEL_1_BYPASS_FORWARD
14.2000,-9.0328,9.2234,0.300,PARALLEL_PARK,1,PARALLEL_PARK,,,,0.000,PARALLEL_1_BYPASS_FORWARD
14.2999,-9.1229,9.2665,0.300,PARALLEL_PARK,1,PARALLEL_PARK,,,,0.000,PARALLEL_1_BYPASS_FORWARD
14.4000,-9.2134,9.3093,0.300,PARALLEL_PARK,1,PARALLEL_PARK,,,,0.000,PARALLEL_1_BYPASS_FORWARD
14.4999,-9.3039,9.3517,0.300,PARALLEL_PARK,1,PARALLEL_PARK,,,,0.000,PARALLEL_1_BYPASS_FORWARD
14.5999,-9.3946,9.3938,0.300,PARALLEL_PARK,1,PARALLEL_PARK,,,,0.000,PARALLEL_1_BYPASS_FORWARD
14.6999,-9.4854,9.4355,0.300,PARALLEL_PARK,1,PARALLEL_PARK,,,,0.000,PARALLEL_1_BYPASS_FORWARD
14.7999,-9.5765,9.4769,0.300,PARALLEL_PARK,1,PARALLEL_PARK,,,,0.000,PARALLEL_1_BYPASS_FORWARD
14.8999,-9.6677,9.5180,0.300,PARALLEL_PARK,1,PARALLEL_PARK,,,,0.000,PARALLEL_1_BYPASS_FORWARD
14.9999,-9.7590,9.5587,0.300,PARALLEL_PARK,1,PARALLEL_PARK,,,,0.000,PARALLEL_1_BYPASS_FORWARD
15.1000,-9.8506,9.5991,0.300,PARALLEL_PARK,1,PARALLEL_PARK,,,,0.000,PARALLEL_1_BYPASS_FORWARD
15.1999,-9.9422,9.6390,0.300,PARALLEL_PARK,1,PARALLEL_PARK,,,,0.000,PARALLEL_1_BYPASS_FORWARD
15.3000,-10.0340,9.6787,0.300,PARALLEL_PARK,1,PARALLEL_PARK,,,,0.000,PARALLEL_1_BYPASS_FORWARD
15.3999,-10.1260,9.7179,0.300,PARALLEL_PARK,1,PARALLEL_PARK,,,,0.000,PARALLEL_1_BYPASS_FORWARD
15.5000,-10.2181,9.7568,0.300,PARALLEL_PARK,1,PARALLEL_PARK,,,,0.000,PARALLEL_1_BYPASS_FORWARD
15.6000,-10.3104,9.7953,0.300,PARALLEL_PARK,1,PARALLEL_PARK,,,,0.000,PARALLEL_1_BYPASS_FORWARD
15.7000,-10.4028,9.8335,0.300,PARALLEL_PARK,1,PARALLEL_PARK,,,,0.000,PARALLEL_1_BYPASS_FORWARD
15.7999,-10.4954,9.8713,0.300,PARALLEL_PARK,1,PARALLEL_PARK,,,,0.000,PARALLEL_1_BYPASS_FORWARD
15.9000,-10.5882,9.9087,0.300,PARALLEL_PARK,1,PARALLEL_PARK,,,,0.000,PARALLEL_1_BYPASS_FORWARD
16.0000,-10.6811,9.9458,0.300,PARALLEL_PARK,1,PARALLEL_PARK,,,,0.000,PARALLEL_1_BYPASS_FORWARD
16.0999,-10.7740,9.9824,0.300,PARALLEL_PARK,1,PARALLEL_PARK,,,,0.000,PARALLEL_1_BYPASS_FORWARD
16.2000,-10.8673,10.0187,0.300,PARALLEL_PARK,1,PARALLEL_PARK,,,,0.000,PARALLEL_1_BYPASS_FORWARD
16.3000,-10.9606,10.0546,0.300,PARALLEL_PARK,1,PARALLEL_PARK,,,,0.000,PARALLEL_1_BYPASS_FORWARD
16.3999,-11.0540,10.0901,0.300,PARALLEL_PARK,1,PARALLEL_PARK,,,,0.000,PARALLEL_1_BYPASS_FORWARD
16.5000,-11.1478,10.1252,0.300,PARALLEL_PARK,1,PARALLEL_PARK,,,,0.000,PARALLEL_1_BYPASS_FORWARD
16.5999,-11.2415,10.1600,0.300,PARALLEL_PARK,1,PARALLEL_PARK,,,,0.000,PARALLEL_1_BYPASS_FORWARD
16.6999,-11.3354,10.1942,0.300,PARALLEL_PARK,1,PARALLEL_PARK,,,,0.000,PARALLEL_1_BYPASS_FORWARD
16.7999,-11.4295,10.2281,0.300,PARALLEL_PARK,1,PARALLEL_PARK,,,,0.000,PARALLEL_1_BYPASS_FORWARD
16.8999,-11.5237,10.2617,0.300,PARALLEL_PARK,1,PARALLEL_PARK,,,,0.000,PARALLEL_1_BYPASS_FORWARD
17.0000,-11.6181,10.2948,0.300,PARALLEL_PARK,1,PARALLEL_PARK,,,,0.000,PARALLEL_1_BYPASS_FORWARD
17.0999,-11.7125,10.3274,0.300,PARALLEL_PARK,1,PARALLEL_PARK,,,,0.000,PARALLEL_1_BYPASS_FORWARD
17.2000,-11.8072,10.3598,0.300,PARALLEL_PARK,1,PARALLEL_PARK,,,,0.000,PARALLEL_1_BYPASS_FORWARD
17.3000,-11.9020,10.3915,0.300,PARALLEL_PARK,1,PARALLEL_PARK,,,,0.000,PARALLEL_1_BYPASS_FORWARD
17.3999,-11.9970,10.4229,0.300,PARALLEL_PARK,1,PARALLEL_PARK,,,,0.000,PARALLEL_1_BYPASS_FORWARD
17.5000,-12.0921,10.4539,0.300,PARALLEL_PARK,1,PARALLEL_PARK,,,,0.000,PARALLEL_1_BYPASS_FORWARD
17.5999,-12.1872,10.4844,0.300,PARALLEL_PARK,1,PARALLEL_PARK,,,,0.000,PARALLEL_1_BYPASS_FORWARD
17.7000,-12.2827,10.5145,0.300,PARALLEL_PARK,1,PARALLEL_PARK,,,,0.000,PARALLEL_1_BYPASS_FORWARD
17.8000,-12.3782,10.5442,0.300,PARALLEL_PARK,1,PARALLEL_PARK,,,,0.000,PARALLEL_1_BYPASS_FORWARD
17.9000,-12.4738,10.5733,0.300,PARALLEL_PARK,1,PARALLEL_PARK,,,,0.000,PARALLEL_1_BYPASS_FORWARD
17.9999,-12.5696,10.6020,0.300,PARALLEL_PARK,1,PARALLEL_PARK,,,,0.000,PARALLEL_1_BYPASS_FORWARD
18.1000,-12.6656,10.6303,0.300,PARALLEL_PARK,1,PARALLEL_PARK,,,,0.000,PARALLEL_1_BYPASS_FORWARD
18.2000,-12.7616,10.6580,0.300,PARALLEL_PARK,1,PARALLEL_PARK,,,,0.000,PARALLEL_1_BYPASS_FORWARD
18.2999,-12.8578,10.6852,0.300,PARALLEL_PARK,1,PARALLEL_PARK,,,,0.000,PARALLEL_1_BYPASS_FORWARD
18.4000,-12.9542,10.7121,0.300,PARALLEL_PARK,1,PARALLEL_PARK,,,,0.000,PARALLEL_1_BYPASS_FORWARD
18.5000,-13.0507,10.7383,0.300,PARALLEL_PARK,1,PARALLEL_PARK,,,,0.000,PARALLEL_1_BYPASS_FORWARD
18.5999,-13.1472,10.7641,0.300,PARALLEL_PARK,1,PARALLEL_PARK,,,,0.000,PARALLEL_1_BYPASS_FORWARD
18.7000,-13.2440,10.7894,0.300,PARALLEL_PARK,1,PARALLEL_PARK,,,,0.000,PARALLEL_1_BYPASS_FORWARD
18.7999,-13.3409,10.8141,0.300,PARALLEL_PARK,1,PARALLEL_PARK,,,,0.000,PARALLEL_1_BYPASS_FORWARD
18.8999,-13.4380,10.8382,0.300,PARALLEL_PARK,1,PARALLEL_PARK,,,,0.000,PARALLEL_1_BYPASS_FORWARD
19.0000,-13.5351,10.8620,0.300,PARALLEL_PARK,1,PARALLEL_PARK,,,,0.000,PARALLEL_1_BYPASS_FORWARD
19.0999,-13.6324,10.8850,0.300,PARALLEL_PARK,1,PARALLEL_PARK,,,,0.000,PARALLEL_1_BYPASS_FORWARD
19.1999,-13.7298,10.9076,0.300,PARALLEL_PARK,1,PARALLEL_PARK,,,,0.000,PARALLEL_1_BYPASS_FORWARD
19.3000,-13.8274,10.9296,0.300,PARALLEL_PARK,1,PARALLEL_PARK,,,,0.000,PARALLEL_1_BYPASS_FORWARD
19.4000,-13.9251,10.9510,0.300,PARALLEL_PARK,1,PARALLEL_PARK,,,,0.000,PARALLEL_1_BYPASS_FORWARD
19.5000,-14.0229,10.9719,0.300,PARALLEL_PARK,1,PARALLEL_PARK,,,,0.000,PARALLEL_1_BYPASS_FORWARD
19.5999,-14.1208,10.9921,0.300,PARALLEL_PARK,1,PARALLEL_PARK,,,,0.000,PARALLEL_1_BYPASS_FORWARD
19.7000,-14.2189,11.0117,0.300,PARALLEL_PARK,1,PARALLEL_PARK,,,,0.000,PARALLEL_1_BYPASS_FORWARD
19.7999,-14.3170,11.0307,0.300,PARALLEL_PARK,1,PARALLEL_PARK,,,,0.000,PARALLEL_1_BYPASS_FORWARD
19.9000,-14.4154,11.0491,0.300,PARALLEL_PARK,1,PARALLEL_PARK,,,,0.000,PARALLEL_1_BYPASS_FORWARD
19.9999,-14.5137,11.0667,0.300,PARALLEL_PARK,1,PARALLEL_PARK,,,,0.000,PARALLEL_1_BYPASS_FORWARD
20.0999,-14.6123,11.0838,0.300,PARALLEL_PARK,1,PARALLEL_PARK,,,,0.000,PARALLEL_1_BYPASS_FORWARD
20.1999,-14.7109,11.1002,0.300,PARALLEL_PARK,1,PARALLEL_PARK,,,,0.000,PARALLEL_1_BYPASS_FORWARD
20.3000,-14.8097,11.1158,0.300,PARALLEL_PARK,1,PARALLEL_PARK,,,,0.000,PARALLEL_1_BYPASS_FORWARD
20.3999,-14.9086,11.1308,0.300,PARALLEL_PARK,1,PARALLEL_PARK,,,,0.000,PARALLEL_1_BYPASS_FORWARD
20.4999,-15.0075,11.1450,0.300,PARALLEL_PARK,1,PARALLEL_PARK,,,,0.000,PARALLEL_1_BYPASS_FORWARD
20.5999,-15.1066,11.1586,0.300,PARALLEL_PARK,1,PARALLEL_PARK,,,,0.000,PARALLEL_1_BYPASS_FORWARD
20.6999,-15.2058,11.1713,0.300,PARALLEL_PARK,1,PARALLEL_PARK,,,,0.000,PARALLEL_1_BYPASS_FORWARD
20.7999,-15.3051,11.1833,0.300,PARALLEL_PARK,1,PARALLEL_PARK,,,,0.000,PARALLEL_1_BYPASS_FORWARD
20.8999,-15.4044,11.1944,0.300,PARALLEL_PARK,1,PARALLEL_PARK,,,,0.000,PARALLEL_1_BYPASS_FORWARD
21.0000,-15.5040,11.2049,0.300,PARALLEL_PARK,1,PARALLEL_PARK,,,,0.000,PARALLEL_1_BYPASS_FORWARD
21.0999,-15.6035,11.2144,0.300,PARALLEL_PARK,1,PARALLEL_PARK,,,,0.000,PARALLEL_1_BYPASS_FORWARD
21.1999,-15.7031,11.2231,0.300,PARALLEL_PARK,1,PARALLEL_PARK,,,,0.000,PARALLEL_1_BYPASS_FORWARD
21.2999,-15.8028,11.2309,0.300,PARALLEL_PARK,1,PARALLEL_PARK,,,,0.000,PARALLEL_1_BYPASS_FORWARD
21.3999,-15.9026,11.2378,0.300,PARALLEL_PARK,1,PARALLEL_PARK,,,,0.000,PARALLEL_1_BYPASS_FORWARD
21.4999,-16.0024,11.2438,0.300,PARALLEL_PARK,1,PARALLEL_PARK,,,,0.000,PARALLEL_1_BYPASS_FORWARD
21.5999,-16.1022,11.2488,0.300,PARALLEL_PARK,1,PARALLEL_PARK,,,,0.000,PARALLEL_1_BYPASS_FORWARD
21.6999,-16.2021,11.2529,0.300,PARALLEL_PARK,1,PARALLEL_PARK,,,,0.000,PARALLEL_1_BYPASS_FORWARD
21.7999,-16.3021,11.2559,0.300,PARALLEL_PARK,1,PARALLEL_PARK,,,,0.000,PARALLEL_1_BYPASS_FORWARD
21.8999,-16.4020,11.2579,0.300,PARALLEL_PARK,1,PARALLEL_PARK,,,,0.000,PARALLEL_1_BYPASS_FORWARD
21.9999,-16.5021,11.2590,0.300,PARALLEL_PARK,1,PARALLEL_PARK,,,,0.000,PARALLEL_1_BYPASS_FORWARD
22.0999,-16.6021,11.2588,0.300,PARALLEL_PARK,1,PARALLEL_PARK,,,,0.000,PARALLEL_1_BYPASS_FORWARD
22.2000,-16.7021,11.2575,0.300,PARALLEL_PARK,1,PARALLEL_PARK,,,,0.000,PARALLEL_1_BYPASS_FORWARD
22.3000,-16.8021,11.2551,0.300,PARALLEL_PARK,1,PARALLEL_PARK,,,,0.000,PARALLEL_1_BYPASS_FORWARD
22.3999,-16.9020,11.2515,0.300,PARALLEL_PARK,1,PARALLEL_PARK,,,,0.000,PARALLEL_1_BYPASS_FORWARD
22.5000,-17.0019,11.2466,0.300,PARALLEL_PARK,1,PARALLEL_PARK,,,,0.000,PARALLEL_1_BYPASS_FORWARD
22.5999,-17.1016,11.2405,0.300,PARALLEL_PARK,1,PARALLEL_PARK,,,,0.000,PARALLEL_1_BYPASS_FORWARD
22.7000,-17.2015,11.2331,0.300,PARALLEL_PARK,1,PARALLEL_PARK,,,,0.000,PARALLEL_1_BYPASS_FORWARD
22.8000,-17.3010,11.2242,0.300,PARALLEL_PARK,1,PARALLEL_PARK,,,,0.000,PARALLEL_1_BYPASS_FORWARD
22.8999,-17.4005,11.2140,0.300,PARALLEL_PARK,1,PARALLEL_PARK,,,,0.000,PARALLEL_1_BYPASS_FORWARD
23.0000,-17.4998,11.2023,0.300,PARALLEL_PARK,1,PARALLEL_PARK,,,,0.000,PARALLEL_1_BYPASS_FORWARD
23.0999,-17.5989,11.1891,0.300,PARALLEL_PARK,1,PARALLEL_PARK,,,,0.000,PARALLEL_1_BYPASS_FORWARD
23.1999,-17.6978,11.1744,0.300,PARALLEL_PARK,1,PARALLEL_PARK,,,,0.000,PARALLEL_1_BYPASS_FORWARD
23.2999,-17.7965,11.1581,0.300,PARALLEL_PARK,1,PARALLEL_PARK,,,,0.000,PARALLEL_1_BYPASS_FORWARD
23.3233,-17.8195,11.1540,0.300,PARALLEL_PARK,-1,PARALLEL_PARK,PARALLEL_1_FORWARD_TO_REVERSE,SET_REVERSE,,0.000,PARALLEL_1_PARK_REVERSE
23.4187,-17.7256,11.1708,0.300,PARALLEL_PARK,-1,PARALLEL_PARK,,,,0.000,PARALLEL_1_PARK_REVERSE
23.5187,-17.6273,11.1886,0.300,PARALLEL_PARK,-1,PARALLEL_PARK,,,,0.000,PARALLEL_1_PARK_REVERSE
23.6187,-17.5289,11.2069,0.300,PARALLEL_PARK,-1,PARALLEL_PARK,,,,0.000,PARALLEL_1_PARK_REVERSE
23.7187,-17.4307,11.2259,0.300,PARALLEL_PARK,-1,PARALLEL_PARK,,,,0.000,PARALLEL_1_PARK_REVERSE
23.8187,-17.3328,11.2458,0.300,PARALLEL_PARK,-1,PARALLEL_PARK,,,,0.000,PARALLEL_1_PARK_REVERSE
23.9187,-17.2350,11.2667,0.300,PARALLEL_PARK,-1,PARALLEL_PARK,,,,0.000,PARALLEL_1_PARK_REVERSE
24.0187,-17.1374,11.2889,0.300,PARALLEL_PARK,-1,PARALLEL_PARK,,,,0.000,PARALLEL_1_PARK_REVERSE
24.1187,-17.0401,11.3122,0.300,PARALLEL_PARK,-1,PARALLEL_PARK,,,,0.000,PARALLEL_1_PARK_REVERSE
24.2187,-16.9433,11.3368,0.300,PARALLEL_PARK,-1,PARALLEL_PARK,,,,0.000,PARALLEL_1_PARK_REVERSE
24.3187,-16.8468,11.3630,0.300,PARALLEL_PARK,-1,PARALLEL_PARK,,,,0.000,PARALLEL_1_PARK_REVERSE
24.4187,-16.7506,11.3905,0.300,PARALLEL_PARK,-1,PARALLEL_PARK,,,,0.000,PARALLEL_1_PARK_REVERSE
24.5187,-16.6549,11.4194,0.300,PARALLEL_PARK,-1,PARALLEL_PARK,,,,0.000,PARALLEL_1_PARK_REVERSE
24.6187,-16.5596,11.4498,0.300,PARALLEL_PARK,-1,PARALLEL_PARK,,,,0.000,PARALLEL_1_PARK_REVERSE
24.7187,-16.4648,11.4817,0.300,PARALLEL_PARK,-1,PARALLEL_PARK,,,,0.000,PARALLEL_1_PARK_REVERSE
24.8187,-16.3706,11.5151,0.300,PARALLEL_PARK,-1,PARALLEL_PARK,,,,0.000,PARALLEL_1_PARK_REVERSE
24.9187,-16.2768,11.5499,0.300,PARALLEL_PARK,-1,PARALLEL_PARK,,,,0.000,PARALLEL_1_PARK_REVERSE
25.0187,-16.1837,11.5861,0.300,PARALLEL_PARK,-1,PARALLEL_PARK,,,,0.000,PARALLEL_1_PARK_REVERSE
25.1187,-16.0909,11.6237,0.300,PARALLEL_PARK,-1,PARALLEL_PARK,,,,0.000,PARALLEL_1_PARK_REVERSE
25.2187,-15.9989,11.6627,0.300,PARALLEL_PARK,-1,PARALLEL_PARK,,,,0.000,PARALLEL_1_PARK_REVERSE
25.3187,-15.9074,11.7030,0.300,PARALLEL_PARK,-1,PARALLEL_PARK,,,,0.000,PARALLEL_1_PARK_REVERSE
25.4187,-15.8165,11.7448,0.300,PARALLEL_PARK,-1,PARALLEL_PARK,,,,0.000,PARALLEL_1_PARK_REVERSE
25.5187,-15.7262,11.7877,0.300,PARALLEL_PARK,-1,PARALLEL_PARK,,,,0.000,PARALLEL_1_PARK_REVERSE
25.6187,-15.6365,11.8319,0.300,PARALLEL_PARK,-1,PARALLEL_PARK,,,,0.000,PARALLEL_1_PARK_REVERSE
25.7187,-15.5474,11.8774,0.300,PARALLEL_PARK,-1,PARALLEL_PARK,,,,0.000,PARALLEL_1_PARK_REVERSE
25.8187,-15.4589,11.9240,0.300,PARALLEL_PARK,-1,PARALLEL_PARK,,,,0.000,PARALLEL_1_PARK_REVERSE
25.9187,-15.3711,11.9718,0.300,PARALLEL_PARK,-1,PARALLEL_PARK,,,,0.000,PARALLEL_1_PARK_REVERSE
26.0187,-15.2839,12.0208,0.300,PARALLEL_PARK,-1,PARALLEL_PARK,,,,0.000,PARALLEL_1_PARK_REVERSE
26.1187,-15.1974,12.0708,0.300,PARALLEL_PARK,-1,PARALLEL_PARK,,,,0.000,PARALLEL_1_PARK_REVERSE
26.2187,-15.1114,12.1219,0.300,PARALLEL_PARK,-1,PARALLEL_PARK,,,,0.000,PARALLEL_1_PARK_REVERSE
26.3187,-15.0260,12.1739,0.300,PARALLEL_PARK,-1,PARALLEL_PARK,,,,0.000,PARALLEL_1_PARK_REVERSE
26.4187,-14.9413,12.2270,0.300,PARALLEL_PARK,-1,PARALLEL_PARK,,,,0.000,PARALLEL_1_PARK_REVERSE
26.5187,-14.8571,12.2811,0.300,PARALLEL_PARK,-1,PARALLEL_PARK,,,,0.000,PARALLEL_1_PARK_REVERSE
26.6186,-14.7736,12.3360,0.300,PARALLEL_PARK,-1,PARALLEL_PARK,,,,0.000,PARALLEL_1_PARK_REVERSE
26.7187,-14.6907,12.3919,0.300,PARALLEL_PARK,-1,PARALLEL_PARK,,,,0.000,PARALLEL_1_PARK_REVERSE
26.8187,-14.6083,12.4487,0.300,PARALLEL_PARK,-1,PARALLEL_PARK,,,,0.000,PARALLEL_1_PARK_REVERSE
26.9187,-14.5265,12.5062,0.300,PARALLEL_PARK,-1,PARALLEL_PARK,,,,0.000,PARALLEL_1_PARK_REVERSE
27.0186,-14.4453,12.5644,0.300,PARALLEL_PARK,-1,PARALLEL_PARK,,,,0.000,PARALLEL_1_PARK_REVERSE
27.1187,-14.3645,12.6235,0.300,PARALLEL_PARK,-1,PARALLEL_PARK,,,,0.000,PARALLEL_1_PARK_REVERSE
27.2187,-14.2844,12.6833,0.300,PARALLEL_PARK,-1,PARALLEL_PARK,,,,0.000,PARALLEL_1_PARK_REVERSE
27.3187,-14.2047,12.7438,0.300,PARALLEL_PARK,-1,PARALLEL_PARK,,,,0.000,PARALLEL_1_PARK_REVERSE
27.4187,-14.1256,12.8049,0.300,PARALLEL_PARK,-1,PARALLEL_PARK,,,,0.000,PARALLEL_1_PARK_REVERSE
27.5187,-14.0470,12.8667,0.300,PARALLEL_PARK,-1,PARALLEL_PARK,,,,0.000,PARALLEL_1_PARK_REVERSE
27.6187,-13.9688,12.9290,0.300,PARALLEL_PARK,-1,PARALLEL_PARK,,,,0.000,PARALLEL_1_PARK_REVERSE
27.7187,-13.8910,12.9918,0.300,PARALLEL_PARK,-1,PARALLEL_PARK,,,,0.000,PARALLEL_1_PARK_REVERSE
27.8187,-13.8137,13.0552,0.300,PARALLEL_PARK,-1,PARALLEL_PARK,,,,0.000,PARALLEL_1_PARK_REVERSE
27.9187,-13.7367,13.1191,0.300,PARALLEL_PARK,-1,PARALLEL_PARK,,,,0.000,PARALLEL_1_PARK_REVERSE
28.0187,-13.6600,13.1834,0.300,PARALLEL_PARK,-1,PARALLEL_PARK,,,,0.000,PARALLEL_1_PARK_REVERSE
28.1187,-13.5838,13.2480,0.300,PARALLEL_PARK,-1,PARALLEL_PARK,,,,0.000,PARALLEL_1_PARK_REVERSE
28.2187,-13.5079,13.3131,0.300,PARALLEL_PARK,-1,PARALLEL_PARK,,,,0.000,PARALLEL_1_PARK_REVERSE
28.3187,-13.4322,13.3785,0.300,PARALLEL_PARK,-1,PARALLEL_PARK,,,,0.000,PARALLEL_1_PARK_REVERSE
28.4187,-13.3568,13.4442,0.300,PARALLEL_PARK,-1,PARALLEL_PARK,,,,0.000,PARALLEL_1_PARK_REVERSE
28.5186,-13.2816,13.5100,0.300,PARALLEL_PARK,-1,PARALLEL_PARK,,,,0.000,PARALLEL_1_PARK_REVERSE
28.6187,-13.2065,13.5762,0.300,PARALLEL_PARK,-1,PARALLEL_PARK,,,,0.000,PARALLEL_1_PARK_REVERSE
28.7186,-13.1316,13.6424,0.300,PARALLEL_PARK,-1,PARALLEL_PARK,,,,0.000,PARALLEL_1_PARK_REVERSE
28.8186,-13.0568,13.7087,0.300,PARALLEL_PARK,-1,PARALLEL_PARK,,,,0.000,PARALLEL_1_PARK_REVERSE
28.9187,-12.9821,13.7752,0.300,PARALLEL_PARK,-1,PARALLEL_PARK,,,,0.000,PARALLEL_1_PARK_REVERSE
29.0187,-12.9073,13.8416,0.300,PARALLEL_PARK,-1,PARALLEL_PARK,,,,0.000,PARALLEL_1_PARK_REVERSE
29.1187,-12.8325,13.9080,0.300,PARALLEL_PARK,-1,PARALLEL_PARK,,,,0.000,PARALLEL_1_PARK_REVERSE
29.2187,-12.7577,13.9743,0.300,PARALLEL_PARK,-1,PARALLEL_PARK,,,,0.000,PARALLEL_1_PARK_REVERSE
29.3187,-12.6827,14.0405,0.300,PARALLEL_PARK,-1,PARALLEL_PARK,,,,0.000,PARALLEL_1_PARK_REVERSE
29.4187,-12.6074,14.1063,0.300,PARALLEL_PARK,-1,PARALLEL_PARK,,,,0.000,PARALLEL_1_PARK_REVERSE
29.5186,-12.5320,14.1720,0.300,PARALLEL_PARK,-1,PARALLEL_PARK,,,,0.000,PARALLEL_1_PARK_REVERSE
29.6187,-12.4562,14.2372,0.300,PARALLEL_PARK,-1,PARALLEL_PARK,,,,0.000,PARALLEL_1_PARK_REVERSE
29.7187,-12.3801,14.3021,0.300,PARALLEL_PARK,-1,PARALLEL_PARK,,,,0.000,PARALLEL_1_PARK_REVERSE
29.8187,-12.3036,14.3664,0.300,PARALLEL_PARK,-1,PARALLEL_PARK,,,,0.000,PARALLEL_1_PARK_REVERSE
29.9187,-12.2265,14.4302,0.300,PARALLEL_PARK,-1,PARALLEL_PARK,,,,0.000,PARALLEL_1_PARK_REVERSE
30.0187,-12.1489,14.4932,0.300,PARALLEL_PARK,-1,PARALLEL_PARK,,,,0.000,PARALLEL_1_PARK_REVERSE
30.1187,-12.0705,14.5554,0.300,PARALLEL_PARK,-1,PARALLEL_PARK,,,,0.000,PARALLEL_1_PARK_REVERSE
30.2187,-11.9915,14.6167,0.300,PARALLEL_PARK,-1,PARALLEL_PARK,,,,0.000,PARALLEL_1_PARK_REVERSE
30.3187,-11.9118,14.6770,0.300,PARALLEL_PARK,-1,PARALLEL_PARK,,,,0.000,PARALLEL_1_PARK_REVERSE
30.4187,-11.8310,14.7360,0.300,PARALLEL_PARK,-1,PARALLEL_PARK,,,,0.000,PARALLEL_1_PARK_REVERSE
30.5187,-11.7494,14.7937,0.300,PARALLEL_PARK,-1,PARALLEL_PARK,,,,0.000,PARALLEL_1_PARK_REVERSE
30.6187,-11.6666,14.8499,0.300,PARALLEL_PARK,-1,PARALLEL_PARK,,,,0.000,PARALLEL_1_PARK_REVERSE
30.7187,-11.5828,14.9045,0.300,PARALLEL_PARK,-1,PARALLEL_PARK,,,,0.000,PARALLEL_1_PARK_REVERSE
30.8187,-11.4979,14.9572,0.300,PARALLEL_PARK,-1,PARALLEL_PARK,,,,0.000,PARALLEL_1_PARK_REVERSE
30.9187,-11.4116,15.0077,0.300,PARALLEL_PARK,-1,PARALLEL_PARK,,,,0.000,PARALLEL_1_PARK_REVERSE
31.0186,-11.3241,15.0560,0.300,PARALLEL_PARK,-1,PARALLEL_PARK,,,,0.000,PARALLEL_1_PARK_REVERSE
31.1187,-11.2351,15.1017,0.300,PARALLEL_PARK,-1,PARALLEL_PARK,,,,0.000,PARALLEL_1_PARK_REVERSE
31.2186,-11.1448,15.1446,0.300,PARALLEL_PARK,-1,PARALLEL_PARK,,,,0.000,PARALLEL_1_PARK_REVERSE
31.3187,-11.0531,15.1845,0.300,PARALLEL_PARK,-1,PARALLEL_PARK,,,,0.000,PARALLEL_1_PARK_REVERSE
31.4186,-10.9600,15.2210,0.300,PARALLEL_PARK,-1,PARALLEL_PARK,,,,0.000,PARALLEL_1_PARK_REVERSE
31.5187,-10.8656,15.2540,0.300,PARALLEL_PARK,-1,PARALLEL_PARK,,,,0.000,PARALLEL_1_PARK_REVERSE
31.6186,-10.7700,15.2833,0.300,PARALLEL_PARK,-1,PARALLEL_PARK,,,,0.000,PARALLEL_1_PARK_REVERSE
31.7187,-10.6732,15.3087,0.300,PARALLEL_PARK,-1,PARALLEL_PARK,,,,0.000,PARALLEL_1_PARK_REVERSE
31.8187,-10.5755,15.3299,0.300,PARALLEL_PARK,-1,PARALLEL_PARK,,,,0.000,PARALLEL_1_PARK_REVERSE
31.9186,-10.4771,15.3472,0.300,PARALLEL_PARK,-1,PARALLEL_PARK,,,,0.000,PARALLEL_1_PARK_REVERSE
32.0186,-10.3779,15.3604,0.300,PARALLEL_PARK,-1,PARALLEL_PARK,,,,0.000,PARALLEL_1_PARK_REVERSE
32.1186,-10.2784,15.3697,0.300,PARALLEL_PARK,-1,PARALLEL_PARK,,,,0.000,PARALLEL_1_PARK_REVERSE
32.2186,-10.1786,15.3752,0.300,PARALLEL_PARK,-1,PARALLEL_PARK,,,,0.000,PARALLEL_1_PARK_REVERSE
32.3186,-10.0786,15.3773,0.300,PARALLEL_PARK,-1,PARALLEL_PARK,,,,0.000,PARALLEL_1_PARK_REVERSE
32.4186,-9.9786,15.3764,0.300,PARALLEL_PARK,-1,PARALLEL_PARK,,,,0.000,PARALLEL_1_PARK_REVERSE
32.5186,-9.8786,15.3728,0.300,PARALLEL_PARK,-1,PARALLEL_PARK,,,,0.000,PARALLEL_1_PARK_REVERSE
32.6186,-9.7788,15.3673,0.300,PARALLEL_PARK,-1,PARALLEL_PARK,,,,0.000,PARALLEL_1_PARK_REVERSE
32.7186,-9.6791,15.3602,0.300,PARALLEL_PARK,-1,PARALLEL_PARK,,,,0.000,PARALLEL_1_PARK_REVERSE
32.8186,-9.5794,15.3524,0.300,PARALLEL_PARK,-1,PARALLEL_PARK,,,,0.000,PARALLEL_1_PARK_REVERSE
32.9186,-9.4797,15.3445,0.300,PARALLEL_PARK,-1,PARALLEL_PARK,,,,0.000,PARALLEL_1_PARK_REVERSE
33.0186,-9.3800,15.3366,0.300,PARALLEL_PARK,-1,PARALLEL_PARK,,,,0.000,PARALLEL_1_PARK_REVERSE
33.1186,-9.2803,15.3286,0.300,PARALLEL_PARK,-1,PARALLEL_PARK,,,,0.000,PARALLEL_1_PARK_REVERSE
33.2186,-9.1806,15.3206,0.300,PARALLEL_PARK,-1,PARALLEL_PARK,,,,0.000,PARALLEL_1_PARK_REVERSE
33.3185,-9.0810,15.3128,0.300,PARALLEL_PARK,-1,PARALLEL_PARK,,,,0.000,PARALLEL_1_PARK_REVERSE
33.4186,-8.9813,15.3048,0.300,PARALLEL_PARK,-1,PARALLEL_PARK,,,,0.000,PARALLEL_1_PARK_REVERSE
33.5186,-8.8816,15.2968,0.300,PARALLEL_PARK,-1,PARALLEL_PARK,,,,0.000,PARALLEL_1_PARK_REVERSE
33.6185,-8.7819,15.2890,0.300,PARALLEL_PARK,-1,PARALLEL_PARK,,,,0.000,PARALLEL_1_PARK_REVERSE
33.7186,-8.6822,15.2810,0.300,PARALLEL_PARK,-1,PARALLEL_PARK,,,,0.000,PARALLEL_1_PARK_REVERSE
33.8186,-8.5825,15.2730,0.300,PARALLEL_PARK,-1,PARALLEL_PARK,,,,0.000,PARALLEL_1_PARK_REVERSE
33.9186,-8.4828,15.2652,0.300,PARALLEL_PARK,-1,PARALLEL_PARK,,,,0.000,PARALLEL_1_PARK_REVERSE
34.0186,-8.3831,15.2572,0.300,PARALLEL_PARK,-1,PARALLEL_PARK,,,,0.000,PARALLEL_1_PARK_REVERSE
34.1186,-8.2834,15.2492,0.300,PARALLEL_PARK,-1,PARALLEL_PARK,,,,0.000,PARALLEL_1_PARK_REVERSE
34.2186,-8.1838,15.2413,0.300,PARALLEL_PARK,1,PARALLEL_PARK,PARALLEL_1_PARK_COMPLETE|PARALLEL_1_REVERSE_TO_FORWARD,PARK_COMPLETE|SET_FORWARD,ALWAYS_ONCE,0.000,PARALLEL_1_PARK_EXIT_FORWARD
34.3186,-8.2834,15.2492,0.300,PARALLEL_PARK,1,PARALLEL_PARK,,,,0.000,PARALLEL_1_PARK_EXIT_FORWARD
34.4186,-8.3831,15.2572,0.300,PARALLEL_PARK,1,PARALLEL_PARK,,,,0.000,PARALLEL_1_PARK_EXIT_FORWARD
34.5186,-8.4828,15.2652,0.300,PARALLEL_PARK,1,PARALLEL_PARK,,,,0.000,PARALLEL_1_PARK_EXIT_FORWARD
34.6185,-8.5825,15.2730,0.300,PARALLEL_PARK,1,PARALLEL_PARK,,,,0.000,PARALLEL_1_PARK_EXIT_FORWARD
34.7186,-8.6822,15.2810,0.300,PARALLEL_PARK,1,PARALLEL_PARK,,,,0.000,PARALLEL_1_PARK_EXIT_FORWARD
34.8187,-8.7819,15.2890,0.300,PARALLEL_PARK,1,PARALLEL_PARK,,,,0.000,PARALLEL_1_PARK_EXIT_FORWARD
34.9186,-8.8816,15.2968,0.300,PARALLEL_PARK,1,PARALLEL_PARK,,,,0.000,PARALLEL_1_PARK_EXIT_FORWARD
35.0186,-8.9813,15.3048,0.300,PARALLEL_PARK,1,PARALLEL_PARK,,,,0.000,PARALLEL_1_PARK_EXIT_FORWARD
35.1186,-9.0810,15.3128,0.300,PARALLEL_PARK,1,PARALLEL_PARK,,,,0.000,PARALLEL_1_PARK_EXIT_FORWARD
35.2186,-9.1806,15.3206,0.300,PARALLEL_PARK,1,PARALLEL_PARK,,,,0.000,PARALLEL_1_PARK_EXIT_FORWARD
35.3186,-9.2803,15.3286,0.300,PARALLEL_PARK,1,PARALLEL_PARK,,,,0.000,PARALLEL_1_PARK_EXIT_FORWARD
35.4186,-9.3800,15.3366,0.300,PARALLEL_PARK,1,PARALLEL_PARK,,,,0.000,PARALLEL_1_PARK_EXIT_FORWARD
35.5186,-9.4797,15.3445,0.300,PARALLEL_PARK,1,PARALLEL_PARK,,,,0.000,PARALLEL_1_PARK_EXIT_FORWARD
35.6186,-9.5794,15.3524,0.300,PARALLEL_PARK,1,PARALLEL_PARK,,,,0.000,PARALLEL_1_PARK_EXIT_FORWARD
35.7186,-9.6791,15.3602,0.300,PARALLEL_PARK,1,PARALLEL_PARK,,,,0.000,PARALLEL_1_PARK_EXIT_FORWARD
35.8186,-9.7788,15.3673,0.300,PARALLEL_PARK,1,PARALLEL_PARK,,,,0.000,PARALLEL_1_PARK_EXIT_FORWARD
35.9186,-9.8786,15.3728,0.300,PARALLEL_PARK,1,PARALLEL_PARK,,,,0.000,PARALLEL_1_PARK_EXIT_FORWARD
36.0186,-9.9786,15.3764,0.300,PARALLEL_PARK,1,PARALLEL_PARK,,,,0.000,PARALLEL_1_PARK_EXIT_FORWARD
36.1186,-10.0786,15.3773,0.300,PARALLEL_PARK,1,PARALLEL_PARK,,,,0.000,PARALLEL_1_PARK_EXIT_FORWARD
36.2186,-10.1786,15.3752,0.300,PARALLEL_PARK,1,PARALLEL_PARK,,,,0.000,PARALLEL_1_PARK_EXIT_FORWARD
36.3186,-10.2784,15.3697,0.300,PARALLEL_PARK,1,PARALLEL_PARK,,,,0.000,PARALLEL_1_PARK_EXIT_FORWARD
36.4185,-10.3779,15.3604,0.300,PARALLEL_PARK,1,PARALLEL_PARK,,,,0.000,PARALLEL_1_PARK_EXIT_FORWARD
36.5186,-10.4771,15.3472,0.300,PARALLEL_PARK,1,PARALLEL_PARK,,,,0.000,PARALLEL_1_PARK_EXIT_FORWARD
36.6185,-10.5755,15.3299,0.300,PARALLEL_PARK,1,PARALLEL_PARK,,,,0.000,PARALLEL_1_PARK_EXIT_FORWARD
36.7185,-10.6732,15.3087,0.300,PARALLEL_PARK,1,PARALLEL_PARK,,,,0.000,PARALLEL_1_PARK_EXIT_FORWARD
36.8186,-10.7700,15.2833,0.300,PARALLEL_PARK,1,PARALLEL_PARK,,,,0.000,PARALLEL_1_PARK_EXIT_FORWARD
36.9185,-10.8656,15.2540,0.300,PARALLEL_PARK,1,PARALLEL_PARK,,,,0.000,PARALLEL_1_PARK_EXIT_FORWARD
37.0185,-10.9600,15.2210,0.300,PARALLEL_PARK,1,PARALLEL_PARK,,,,0.000,PARALLEL_1_PARK_EXIT_FORWARD
37.1185,-11.0531,15.1845,0.300,PARALLEL_PARK,1,PARALLEL_PARK,,,,0.000,PARALLEL_1_PARK_EXIT_FORWARD
37.2186,-11.1448,15.1446,0.300,PARALLEL_PARK,1,PARALLEL_PARK,,,,0.000,PARALLEL_1_PARK_EXIT_FORWARD
37.3185,-11.2351,15.1017,0.300,PARALLEL_PARK,1,PARALLEL_PARK,,,,0.000,PARALLEL_1_PARK_EXIT_FORWARD
37.4185,-11.3241,15.0560,0.300,PARALLEL_PARK,1,PARALLEL_PARK,,,,0.000,PARALLEL_1_PARK_EXIT_FORWARD
37.5185,-11.4116,15.0077,0.300,PARALLEL_PARK,1,PARALLEL_PARK,,,,0.000,PARALLEL_1_PARK_EXIT_FORWARD
37.6185,-11.4979,14.9572,0.300,PARALLEL_PARK,1,PARALLEL_PARK,,,,0.000,PARALLEL_1_PARK_EXIT_FORWARD
37.7185,-11.5828,14.9045,0.300,PARALLEL_PARK,1,PARALLEL_PARK,,,,0.000,PARALLEL_1_PARK_EXIT_FORWARD
37.8185,-11.6666,14.8499,0.300,PARALLEL_PARK,1,PARALLEL_PARK,,,,0.000,PARALLEL_1_PARK_EXIT_FORWARD
37.9185,-11.7494,14.7937,0.300,PARALLEL_PARK,1,PARALLEL_PARK,,,,0.000,PARALLEL_1_PARK_EXIT_FORWARD
38.0185,-11.8310,14.7360,0.300,PARALLEL_PARK,1,PARALLEL_PARK,,,,0.000,PARALLEL_1_PARK_EXIT_FORWARD
38.1185,-11.9118,14.6770,0.300,PARALLEL_PARK,1,PARALLEL_PARK,,,,0.000,PARALLEL_1_PARK_EXIT_FORWARD
38.2185,-11.9915,14.6167,0.300,PARALLEL_PARK,1,PARALLEL_PARK,,,,0.000,PARALLEL_1_PARK_EXIT_FORWARD
38.3184,-12.0705,14.5554,0.300,PARALLEL_PARK,1,PARALLEL_PARK,,,,0.000,PARALLEL_1_PARK_EXIT_FORWARD
38.4185,-12.1489,14.4932,0.300,PARALLEL_PARK,1,PARALLEL_PARK,,,,0.000,PARALLEL_1_PARK_EXIT_FORWARD
38.5185,-12.2265,14.4302,0.300,PARALLEL_PARK,1,PARALLEL_PARK,,,,0.000,PARALLEL_1_PARK_EXIT_FORWARD
38.6185,-12.3036,14.3664,0.300,PARALLEL_PARK,1,PARALLEL_PARK,,,,0.000,PARALLEL_1_PARK_EXIT_FORWARD
38.7185,-12.3801,14.3021,0.300,PARALLEL_PARK,1,PARALLEL_PARK,,,,0.000,PARALLEL_1_PARK_EXIT_FORWARD
38.8185,-12.4562,14.2372,0.300,PARALLEL_PARK,1,PARALLEL_PARK,,,,0.000,PARALLEL_1_PARK_EXIT_FORWARD
38.9185,-12.5320,14.1720,0.300,PARALLEL_PARK,1,PARALLEL_PARK,,,,0.000,PARALLEL_1_PARK_EXIT_FORWARD
39.0185,-12.6074,14.1063,0.300,PARALLEL_PARK,1,PARALLEL_PARK,,,,0.000,PARALLEL_1_PARK_EXIT_FORWARD
39.1185,-12.6827,14.0405,0.300,PARALLEL_PARK,1,PARALLEL_PARK,,,,0.000,PARALLEL_1_PARK_EXIT_FORWARD
39.2185,-12.7577,13.9743,0.300,PARALLEL_PARK,1,PARALLEL_PARK,,,,0.000,PARALLEL_1_PARK_EXIT_FORWARD
39.3184,-12.8325,13.9080,0.300,PARALLEL_PARK,1,PARALLEL_PARK,,,,0.000,PARALLEL_1_PARK_EXIT_FORWARD
39.4185,-12.9073,13.8416,0.300,PARALLEL_PARK,1,PARALLEL_PARK,,,,0.000,PARALLEL_1_PARK_EXIT_FORWARD
39.5185,-12.9821,13.7752,0.300,PARALLEL_PARK,1,PARALLEL_PARK,,,,0.000,PARALLEL_1_PARK_EXIT_FORWARD
39.6185,-13.0568,13.7087,0.300,PARALLEL_PARK,1,PARALLEL_PARK,,,,0.000,PARALLEL_1_PARK_EXIT_FORWARD
39.7185,-13.1316,13.6424,0.300,PARALLEL_PARK,1,PARALLEL_PARK,,,,0.000,PARALLEL_1_PARK_EXIT_FORWARD
39.8185,-13.2065,13.5762,0.300,PARALLEL_PARK,1,PARALLEL_PARK,,,,0.000,PARALLEL_1_PARK_EXIT_FORWARD
39.9185,-13.2816,13.5100,0.300,PARALLEL_PARK,1,PARALLEL_PARK,,,,0.000,PARALLEL_1_PARK_EXIT_FORWARD
40.0185,-13.3568,13.4442,0.300,PARALLEL_PARK,1,PARALLEL_PARK,,,,0.000,PARALLEL_1_PARK_EXIT_FORWARD
40.1185,-13.4322,13.3785,0.300,PARALLEL_PARK,1,PARALLEL_PARK,,,,0.000,PARALLEL_1_PARK_EXIT_FORWARD
40.2185,-13.5079,13.3131,0.300,PARALLEL_PARK,1,PARALLEL_PARK,,,,0.000,PARALLEL_1_PARK_EXIT_FORWARD
40.3185,-13.5838,13.2480,0.300,PARALLEL_PARK,1,PARALLEL_PARK,,,,0.000,PARALLEL_1_PARK_EXIT_FORWARD
40.4184,-13.6600,13.1834,0.300,PARALLEL_PARK,1,PARALLEL_PARK,,,,0.000,PARALLEL_1_PARK_EXIT_FORWARD
40.5185,-13.7367,13.1191,0.300,PARALLEL_PARK,1,PARALLEL_PARK,,,,0.000,PARALLEL_1_PARK_EXIT_FORWARD
40.6185,-13.8137,13.0552,0.300,PARALLEL_PARK,1,PARALLEL_PARK,,,,0.000,PARALLEL_1_PARK_EXIT_FORWARD
40.7185,-13.8910,12.9918,0.300,PARALLEL_PARK,1,PARALLEL_PARK,,,,0.000,PARALLEL_1_PARK_EXIT_FORWARD
40.8185,-13.9688,12.9290,0.300,PARALLEL_PARK,1,PARALLEL_PARK,,,,0.000,PARALLEL_1_PARK_EXIT_FORWARD
40.9185,-14.0470,12.8667,0.300,PARALLEL_PARK,1,PARALLEL_PARK,,,,0.000,PARALLEL_1_PARK_EXIT_FORWARD
41.0185,-14.1256,12.8049,0.300,PARALLEL_PARK,1,PARALLEL_PARK,,,,0.000,PARALLEL_1_PARK_EXIT_FORWARD
41.1185,-14.2047,12.7438,0.300,PARALLEL_PARK,1,PARALLEL_PARK,,,,0.000,PARALLEL_1_PARK_EXIT_FORWARD
41.2185,-14.2844,12.6833,0.300,PARALLEL_PARK,1,PARALLEL_PARK,,,,0.000,PARALLEL_1_PARK_EXIT_FORWARD
41.3185,-14.3645,12.6235,0.300,PARALLEL_PARK,1,PARALLEL_PARK,,,,0.000,PARALLEL_1_PARK_EXIT_FORWARD
41.4185,-14.4453,12.5644,0.300,PARALLEL_PARK,1,PARALLEL_PARK,,,,0.000,PARALLEL_1_PARK_EXIT_FORWARD
41.5185,-14.5265,12.5062,0.300,PARALLEL_PARK,1,PARALLEL_PARK,,,,0.000,PARALLEL_1_PARK_EXIT_FORWARD
41.6185,-14.6083,12.4487,0.300,PARALLEL_PARK,1,PARALLEL_PARK,,,,0.000,PARALLEL_1_PARK_EXIT_FORWARD
41.7185,-14.6907,12.3919,0.300,PARALLEL_PARK,1,PARALLEL_PARK,,,,0.000,PARALLEL_1_PARK_EXIT_FORWARD
41.8185,-14.7736,12.3360,0.300,PARALLEL_PARK,1,PARALLEL_PARK,,,,0.000,PARALLEL_1_PARK_EXIT_FORWARD
41.9185,-14.8571,12.2811,0.300,PARALLEL_PARK,1,PARALLEL_PARK,,,,0.000,PARALLEL_1_PARK_EXIT_FORWARD
42.0185,-14.9413,12.2270,0.300,PARALLEL_PARK,1,PARALLEL_PARK,,,,0.000,PARALLEL_1_PARK_EXIT_FORWARD
42.1185,-15.0260,12.1739,0.300,PARALLEL_PARK,1,PARALLEL_PARK,,,,0.000,PARALLEL_1_PARK_EXIT_FORWARD
42.2185,-15.1114,12.1219,0.300,PARALLEL_PARK,1,PARALLEL_PARK,,,,0.000,PARALLEL_1_PARK_EXIT_FORWARD
42.3185,-15.1974,12.0708,0.300,PARALLEL_PARK,1,PARALLEL_PARK,,,,0.000,PARALLEL_1_PARK_EXIT_FORWARD
42.4185,-15.2839,12.0208,0.300,PARALLEL_PARK,1,PARALLEL_PARK,,,,0.000,PARALLEL_1_PARK_EXIT_FORWARD
42.5185,-15.3711,11.9718,0.300,PARALLEL_PARK,1,PARALLEL_PARK,,,,0.000,PARALLEL_1_PARK_EXIT_FORWARD
42.6185,-15.4589,11.9240,0.300,PARALLEL_PARK,1,PARALLEL_PARK,,,,0.000,PARALLEL_1_PARK_EXIT_FORWARD
42.7185,-15.5474,11.8774,0.300,PARALLEL_PARK,1,PARALLEL_PARK,,,,0.000,PARALLEL_1_PARK_EXIT_FORWARD
42.8185,-15.6365,11.8319,0.300,PARALLEL_PARK,1,PARALLEL_PARK,,,,0.000,PARALLEL_1_PARK_EXIT_FORWARD
42.9185,-15.7262,11.7877,0.300,PARALLEL_PARK,1,PARALLEL_PARK,,,,0.000,PARALLEL_1_PARK_EXIT_FORWARD
43.0185,-15.8165,11.7448,0.300,PARALLEL_PARK,1,PARALLEL_PARK,,,,0.000,PARALLEL_1_PARK_EXIT_FORWARD
43.1185,-15.9074,11.7030,0.300,PARALLEL_PARK,1,PARALLEL_PARK,,,,0.000,PARALLEL_1_PARK_EXIT_FORWARD
43.2185,-15.9989,11.6627,0.300,PARALLEL_PARK,1,PARALLEL_PARK,,,,0.000,PARALLEL_1_PARK_EXIT_FORWARD
43.3185,-16.0909,11.6237,0.300,PARALLEL_PARK,1,PARALLEL_PARK,,,,0.000,PARALLEL_1_PARK_EXIT_FORWARD
43.4185,-16.1837,11.5861,0.300,PARALLEL_PARK,1,PARALLEL_PARK,,,,0.000,PARALLEL_1_PARK_EXIT_FORWARD
43.5185,-16.2768,11.5499,0.300,PARALLEL_PARK,1,PARALLEL_PARK,,,,0.000,PARALLEL_1_PARK_EXIT_FORWARD
43.6185,-16.3706,11.5151,0.300,PARALLEL_PARK,1,PARALLEL_PARK,,,,0.000,PARALLEL_1_PARK_EXIT_FORWARD
43.7185,-16.4648,11.4817,0.300,PARALLEL_PARK,1,PARALLEL_PARK,,,,0.000,PARALLEL_1_PARK_EXIT_FORWARD
43.8185,-16.5596,11.4498,0.300,PARALLEL_PARK,1,PARALLEL_PARK,,,,0.000,PARALLEL_1_PARK_EXIT_FORWARD
43.9185,-16.6549,11.4194,0.300,PARALLEL_PARK,1,PARALLEL_PARK,,,,0.000,PARALLEL_1_PARK_EXIT_FORWARD
44.0185,-16.7506,11.3905,0.300,PARALLEL_PARK,1,PARALLEL_PARK,,,,0.000,PARALLEL_1_PARK_EXIT_FORWARD
44.1185,-16.8468,11.3630,0.300,PARALLEL_PARK,1,PARALLEL_PARK,,,,0.000,PARALLEL_1_PARK_EXIT_FORWARD
44.2185,-16.9433,11.3368,0.300,PARALLEL_PARK,1,PARALLEL_PARK,,,,0.000,PARALLEL_1_PARK_EXIT_FORWARD
44.3184,-17.0401,11.3122,0.300,PARALLEL_PARK,1,PARALLEL_PARK,,,,0.000,PARALLEL_1_PARK_EXIT_FORWARD
44.4185,-17.1374,11.2889,0.300,PARALLEL_PARK,1,PARALLEL_PARK,,,,0.000,PARALLEL_1_PARK_EXIT_FORWARD
44.5185,-17.2350,11.2667,0.300,PARALLEL_PARK,1,PARALLEL_PARK,,,,0.000,PARALLEL_1_PARK_EXIT_FORWARD
44.6185,-17.3328,11.2458,0.300,PARALLEL_PARK,1,PARALLEL_PARK,,,,0.000,PARALLEL_1_PARK_EXIT_FORWARD
44.7185,-17.4307,11.2259,0.300,PARALLEL_PARK,1,PARALLEL_PARK,,,,0.000,PARALLEL_1_PARK_EXIT_FORWARD
44.8185,-17.5289,11.2069,0.300,PARALLEL_PARK,1,PARALLEL_PARK,,,,0.000,PARALLEL_1_PARK_EXIT_FORWARD
44.9185,-17.6273,11.1886,0.300,PARALLEL_PARK,1,PARALLEL_PARK,,,,0.000,PARALLEL_1_PARK_EXIT_FORWARD
45.0185,-17.7256,11.1708,0.300,PARALLEL_PARK,1,PARALLEL_PARK,,,,0.000,PARALLEL_1_PARK_EXIT_FORWARD
45.1139,-17.8195,11.1540,0.300,PARALLEL_PARK,1,PARALLEL_PARK,PARALLEL_1_END,BRANCH_COMPLETE,,0.000,PARALLEL_1_PARK_EXIT_FORWARD
45.2114,-17.9164,11.1424,0.300,NORMAL,1,ROUTE,,,,0.000,T1_REVERSE_TO_FORWARD
45.2139,-17.9188,11.1422,0.000,FINISH,1,FINISH,TEST_SEGMENT_END,STOP,ALWAYS_ONCE,0.000,T1_REVERSE_TO_FORWARD
