segment_id,branch_group,branch_option,sequence,source,source_index,x_m,y_m,mission,direction_status
MAIN_00,,,0,course_07,0,-0.0000,0.0000,NORMAL,UNASSIGNED
MAIN_00,,,1,course_07,1,-1.3823,0.4908,NORMAL,UNASSIGNED
MAIN_00,,,2,course_07,2,-2.7913,0.9913,NORMAL,UNASSIGNED
MAIN_00,,,3,course_07,3,-3.5295,1.3298,NORMAL,UNASSIGNED
MAIN_00,,,4,course_07,4,-4.1004,1.5291,NORMAL,UNASSIGNED
MAIN_00,,,5,course_07,5,-4.7404,1.7587,NORMAL,UNASSIGNED
MAIN_00,,,6,course_07,6,-5.4171,1.9224,NORMAL,UNASSIGNED
MAIN_00,,,7,course_07,7,-6.0106,2.1327,NORMAL,UNASSIGNED
MAIN_00,,,8,course_07,8,-6.5956,2.3087,NORMAL,UNASSIGNED
MAIN_00,,,9,course_07,9,-7.3062,2.5360,NORMAL,UNASSIGNED
MAIN_00,,,10,course_07,10,-7.8615,2.7214,NORMAL,UNASSIGNED
MAIN_00,,,11,course_07,11,-8.4740,3.0046,NORMAL,UNASSIGNED
MAIN_00,,,12,course_07,12,-9.0693,3.1747,NORMAL,UNASSIGNED
MAIN_00,,,13,course_07,13,-9.6369,3.3510,NORMAL,UNASSIGNED
MAIN_00,,,14,course_07,14,-10.1443,3.5552,NORMAL,UNASSIGNED
MAIN_00,,,15,course_07,15,-10.7254,3.7677,NORMAL,UNASSIGNED
MAIN_00,,,16,course_07,16,-11.3177,4.0246,NORMAL,UNASSIGNED
MAIN_00,,,17,course_07,17,-11.9464,4.2168,NORMAL,UNASSIGNED
MAIN_00,,,18,course_07,18,-12.5605,4.4802,NORMAL,UNASSIGNED
MAIN_00,,,19,course_07,19,-13.1868,4.7002,NORMAL,UNASSIGNED
MAIN_00,,,20,course_07,20,-13.0418,4.6317,NORMAL,UNASSIGNED
MAIN_00,,,21,course_07,21,-13.6009,4.8102,NORMAL,UNASSIGNED
MAIN_00,,,22,course_07,22,-14.2157,4.9661,NORMAL,UNASSIGNED
MAIN_00,,,23,course_07,23,-14.7969,5.2305,NORMAL,UNASSIGNED
MAIN_00,,,24,course_07,24,-15.3261,5.4051,NORMAL,UNASSIGNED
MAIN_00,,,25,course_07,25,-15.9310,5.5695,NORMAL,UNASSIGNED
MAIN_00,,,26,course_07,26,-16.5808,5.8556,NORMAL,UNASSIGNED
MAIN_00,,,27,course_07,27,-17.1676,6.0491,NORMAL,UNASSIGNED
MAIN_00,,,28,course_07,28,-17.8490,6.3146,NORMAL,UNASSIGNED
MAIN_00,,,29,course_07,29,-18.6108,6.5435,NORMAL,UNASSIGNED
MAIN_00,,,30,course_07,30,-19.3063,6.7468,NORMAL,UNASSIGNED
MAIN_00,,,31,course_07,31,-20.1444,7.0697,NORMAL,UNASSIGNED
MAIN_00,,,32,course_07,32,-20.8026,7.3069,NORMAL,UNASSIGNED
MAIN_00,,,33,course_07,33,-21.5344,7.4971,NORMAL,UNASSIGNED
MAIN_00,,,34,course_07,34,-22.2431,7.7930,NORMAL,UNASSIGNED
MAIN_00,,,35,course_07,35,-23.1013,8.1016,NORMAL,UNASSIGNED
MAIN_00,,,36,course_07,36,-23.7097,8.3373,NORMAL,UNASSIGNED
MAIN_00,,,37,course_07,37,-24.3476,8.4663,NORMAL,UNASSIGNED
MAIN_00,,,38,course_07,38,-25.0231,8.6820,NORMAL,UNASSIGNED
MAIN_00,,,39,course_07,39,-25.5965,8.9431,NORMAL,UNASSIGNED
MAIN_00,,,40,course_07,40,-26.2937,9.1141,NORMAL,UNASSIGNED
MAIN_00,,,41,course_07,41,-27.3218,9.4810,NORMAL,UNASSIGNED
MAIN_00,,,42,course_07,42,-27.3492,9.4462,NORMAL,UNASSIGNED
MAIN_00,,,43,course_07,43,-27.9484,9.5585,NORMAL,UNASSIGNED
MAIN_00,,,44,course_07,44,-28.6343,9.8915,NORMAL,UNASSIGNED
MAIN_00,,,45,course_07,45,-29.3360,10.1764,NORMAL,UNASSIGNED
MAIN_00,,,46,course_07,46,-30.0260,10.4249,NORMAL,UNASSIGNED
MAIN_00,,,47,course_07,47,-30.5768,10.5920,NORMAL,UNASSIGNED
MAIN_00,,,48,course_07,48,-31.0625,10.7281,NORMAL,UNASSIGNED
MAIN_00,,,49,course_07,49,-31.6261,10.8414,NORMAL,UNASSIGNED
MAIN_00,,,50,course_07,50,-32.2842,11.0737,NORMAL,UNASSIGNED
MAIN_00,,,51,course_07,51,-32.9429,11.3348,NORMAL,UNASSIGNED
MAIN_00,,,52,course_07,52,-33.6300,11.5472,NORMAL,UNASSIGNED
MAIN_00,,,53,course_07,53,-34.3454,11.8146,NORMAL,UNASSIGNED
MAIN_00,,,54,course_07,54,-35.0649,12.0831,NORMAL,UNASSIGNED
MAIN_00,,,55,course_07,55,-35.8832,12.3904,NORMAL,UNASSIGNED
MAIN_00,,,56,course_07,56,-36.4945,12.4851,NORMAL,UNASSIGNED
MAIN_00,,,57,course_07,57,-36.7188,12.6484,NORMAL,UNASSIGNED
MAIN_00,,,58,course_07,58,-36.5825,12.4093,NORMAL,UNASSIGNED
MAIN_00,,,59,course_07,59,-37.1211,12.5766,NORMAL,UNASSIGNED
MAIN_00,,,60,course_07,60,-37.6509,12.7788,NORMAL,UNASSIGNED
MAIN_00,,,61,course_07,61,-38.2590,12.9788,NORMAL,UNASSIGNED
MAIN_00,,,62,course_07,62,-39.0339,13.1803,NORMAL,UNASSIGNED
MAIN_00,,,63,course_07,63,-39.6645,13.4447,NORMAL,UNASSIGNED
MAIN_00,,,64,course_07,64,-40.5262,13.9122,NORMAL,UNASSIGNED
MAIN_00,,,65,course_07,65,-40.7732,13.9032,NORMAL,UNASSIGNED
MAIN_00,,,66,course_07,66,-41.4121,14.1390,NORMAL,UNASSIGNED
MAIN_00,,,67,course_07,67,-41.9831,14.3472,NORMAL,UNASSIGNED
MAIN_00,,,68,course_07,68,-42.5373,14.5049,NORMAL,UNASSIGNED
MAIN_00,,,69,course_07,69,-43.1879,14.7632,NORMAL,UNASSIGNED
MAIN_00,,,70,course_07,70,-43.7390,14.9398,NORMAL,UNASSIGNED
MAIN_00,,,71,course_07,71,-44.4330,15.1645,NORMAL,UNASSIGNED
MAIN_00,,,72,course_07,72,-45.1945,15.4383,NORMAL,UNASSIGNED
MAIN_00,,,73,course_07,73,-45.7886,15.6361,NORMAL,UNASSIGNED
MAIN_00,,,74,course_07,74,-46.4143,15.8688,NORMAL,UNASSIGNED
MAIN_00,,,75,course_07,75,-47.1023,16.1159,NORMAL,UNASSIGNED
MAIN_00,,,76,course_07,76,-47.7455,16.3210,NORMAL,UNASSIGNED
MAIN_00,,,77,course_07,77,-48.4375,16.5806,NORMAL,UNASSIGNED
MAIN_00,,,78,course_07,78,-49.1393,16.8111,NORMAL,UNASSIGNED
MAIN_00,,,79,course_07,79,-49.9148,17.1527,NORMAL,UNASSIGNED
MAIN_00,,,80,course_07,80,-50.5081,17.3414,NORMAL,UNASSIGNED
MAIN_00,,,81,course_07,81,-51.2177,17.5189,NORMAL,UNASSIGNED
MAIN_00,,,82,course_07,82,-51.8871,17.6934,NORMAL,UNASSIGNED
MAIN_00,,,83,course_07,83,-52.5699,17.9415,NORMAL,UNASSIGNED
MAIN_00,,,84,course_07,84,-53.2548,18.1710,NORMAL,UNASSIGNED
MAIN_00,,,85,course_07,85,-54.0186,18.3630,NORMAL,UNASSIGNED
MAIN_00,,,86,course_07,86,-54.6606,18.5411,NORMAL,UNASSIGNED
MAIN_00,,,87,course_07,87,-55.5086,18.7099,NORMAL,UNASSIGNED
MAIN_00,,,88,course_07,88,-56.3015,18.8922,NORMAL,UNASSIGNED
MAIN_00,,,89,course_07,89,-57.1702,19.0903,NORMAL,UNASSIGNED
MAIN_00,,,90,course_07,90,-58.0184,19.0950,NORMAL,UNASSIGNED
MAIN_00,,,91,course_07,91,-58.9200,18.9504,NORMAL,UNASSIGNED
MAIN_00,,,92,course_07,92,-59.7057,18.7478,NORMAL,UNASSIGNED
MAIN_00,,,93,course_07,93,-60.4515,18.4872,NORMAL,UNASSIGNED
MAIN_00,,,94,course_07,94,-61.1009,17.9900,NORMAL,UNASSIGNED
MAIN_00,,,95,course_07,95,-61.7248,17.5226,NORMAL,UNASSIGNED
MAIN_00,,,96,course_07,96,-62.3198,16.9994,NORMAL,UNASSIGNED
MAIN_00,,,97,course_07,97,-62.9193,16.3315,NORMAL,UNASSIGNED
MAIN_00,,,98,course_07,98,-63.4005,15.5954,NORMAL,UNASSIGNED
MAIN_00,,,99,course_07,99,-63.7307,14.8704,NORMAL,UNASSIGNED
MAIN_00,,,100,course_07,100,-64.1313,14.1749,NORMAL,UNASSIGNED
MAIN_00,,,101,course_07,101,-64.5332,13.4092,NORMAL,UNASSIGNED
MAIN_00,,,102,course_07,102,-65.0389,12.5894,NORMAL,UNASSIGNED
MAIN_00,,,103,course_07,103,-65.3131,11.8398,NORMAL,UNASSIGNED
MAIN_00,,,104,course_07,104,-65.6936,11.1639,NORMAL,UNASSIGNED
MAIN_00,,,105,course_07,105,-65.9846,10.7346,NORMAL,UNASSIGNED
MAIN_00,,,106,course_07,106,-66.4279,9.7070,NORMAL,UNASSIGNED
MAIN_00,,,107,course_07,107,-66.7830,8.9945,NORMAL,UNASSIGNED
MAIN_00,,,108,course_07,108,-67.1919,8.0666,NORMAL,UNASSIGNED
MAIN_00,,,109,course_07,109,-67.3824,7.2373,NORMAL,UNASSIGNED
MAIN_00,,,110,course_07,110,-67.5648,6.4428,NORMAL,UNASSIGNED
MAIN_00,,,111,course_07,111,-67.7325,5.7081,NORMAL,UNASSIGNED
MAIN_00,,,112,course_07,112,-67.7158,4.6489,NORMAL,UNASSIGNED
MAIN_00,,,113,course_07,113,-67.6569,3.6803,NORMAL,UNASSIGNED
MAIN_00,,,114,course_07,114,-67.5828,2.8159,NORMAL,UNASSIGNED
MAIN_00,,,115,course_07,115,-67.3605,1.9661,NORMAL,UNASSIGNED
MAIN_00,,,116,course_07,116,-66.9999,1.1712,NORMAL,UNASSIGNED
MAIN_00,,,117,course_07,117,-66.5049,0.3894,NORMAL,UNASSIGNED
MAIN_00,,,118,course_07,118,-65.9589,-0.2488,NORMAL,UNASSIGNED
MAIN_00,,,119,course_07,119,-65.4172,-1.0337,NORMAL,UNASSIGNED
MAIN_00,,,120,course_07,120,-64.7181,-1.7204,NORMAL,UNASSIGNED
MAIN_00,,,121,course_07,121,-63.5738,-2.8204,NORMAL,UNASSIGNED
MAIN_00,,,122,course_07,122,-62.9122,-3.4176,NORMAL,UNASSIGNED
MAIN_00,,,123,course_07,123,-62.2870,-3.9263,NORMAL,UNASSIGNED
MAIN_00,,,124,course_07,124,-61.6579,-4.3697,NORMAL,UNASSIGNED
MAIN_00,,,125,course_07,125,-60.9159,-4.6665,NORMAL,UNASSIGNED
MAIN_00,,,126,course_07,126,-60.1639,-5.0347,NORMAL,UNASSIGNED
MAIN_00,,,127,course_07,127,-59.4091,-5.4112,NORMAL,UNASSIGNED
MAIN_00,,,128,course_07,128,-58.6616,-5.6986,NORMAL,UNASSIGNED
MAIN_00,,,129,course_07,129,-57.7964,-5.9040,NORMAL,UNASSIGNED
MAIN_00,,,130,course_07,130,-57.0741,-6.1952,NORMAL,UNASSIGNED
MAIN_00,,,131,course_07,131,-56.2429,-6.2842,NORMAL,UNASSIGNED
MAIN_00,,,132,course_07,132,-55.4776,-6.2358,NORMAL,UNASSIGNED
MAIN_00,,,133,course_07,133,-54.6059,-5.9013,NORMAL,UNASSIGNED
MAIN_00,,,134,course_07,134,-53.8857,-5.3669,NORMAL,UNASSIGNED
MAIN_00,,,135,course_07,135,-53.2610,-4.6759,NORMAL,UNASSIGNED
MAIN_00,,,136,course_07,136,-52.7092,-3.9629,NORMAL,UNASSIGNED
MAIN_00,,,137,course_07,137,-52.2985,-3.1585,NORMAL,UNASSIGNED
MAIN_00,,,138,course_07,138,-51.9622,-2.4120,NORMAL,UNASSIGNED
MAIN_00,,,139,course_07,139,-51.6058,-1.6274,NORMAL,UNASSIGNED
MAIN_00,,,140,course_07,140,-51.2062,-0.9143,NORMAL,UNASSIGNED
MAIN_00,,,141,course_07,141,-50.8258,-0.1108,NORMAL,UNASSIGNED
MAIN_00,,,142,course_07,142,-50.4926,0.6839,NORMAL,UNASSIGNED
MAIN_00,,,143,course_07,143,-50.0948,1.3865,NORMAL,UNASSIGNED
MAIN_00,,,144,course_07,144,-49.7337,2.0692,NORMAL,UNASSIGNED
MAIN_00,,,145,course_07,145,-49.1294,3.0841,NORMAL,UNASSIGNED
MAIN_00,,,146,course_07,146,-48.8368,3.7704,NORMAL,UNASSIGNED
MAIN_00,,,147,course_07,147,-48.1480,4.3959,NORMAL,UNASSIGNED
MAIN_00,,,148,course_07,148,-47.2070,4.8132,NORMAL,UNASSIGNED
MAIN_00,,,149,course_07,149,-46.3723,4.8594,NORMAL,UNASSIGNED
MAIN_00,,,150,course_07,150,-45.6322,4.6859,NORMAL,UNASSIGNED
MAIN_00,,,151,course_07,151,-44.7302,4.4663,NORMAL,UNASSIGNED
MAIN_00,,,152,course_07,152,-43.8829,4.2213,NORMAL,UNASSIGNED
MAIN_00,,,153,course_07,153,-43.0454,3.9947,NORMAL,UNASSIGNED
MAIN_00,,,154,course_07,154,-42.2193,3.7111,NORMAL,UNASSIGNED
MAIN_00,,,155,course_07,155,-41.4235,3.4396,NORMAL,UNASSIGNED
MAIN_00,,,156,course_07,156,-40.7105,3.1657,NORMAL,UNASSIGNED
MAIN_00,,,157,course_07,157,-39.9586,2.7618,NORMAL,UNASSIGNED
MAIN_00,,,158,course_07,158,-39.1715,2.4626,NORMAL,UNASSIGNED
MAIN_00,,,159,course_07,159,-38.3608,2.0159,NORMAL,UNASSIGNED
MAIN_00,,,160,course_07,160,-37.5931,1.6660,NORMAL,UNASSIGNED
MAIN_00,,,161,course_07,161,-36.8371,1.2968,NORMAL,UNASSIGNED
MAIN_00,,,162,course_07,162,-36.0929,0.8971,NORMAL,UNASSIGNED
MAIN_00,,,163,course_07,163,-35.3650,0.4704,NORMAL,UNASSIGNED
MAIN_00,,,164,course_07,164,-34.7392,0.0244,NORMAL,UNASSIGNED
MAIN_00,,,165,course_07,165,-34.0130,-0.6735,NORMAL,UNASSIGNED
MAIN_00,,,166,course_07,166,-33.3782,-1.6265,NORMAL,UNASSIGNED
MAIN_00,,,167,course_07,167,-32.9957,-2.3690,NORMAL,UNASSIGNED
MAIN_00,,,168,course_07,168,-32.6846,-3.0348,NORMAL,UNASSIGNED
MAIN_00,,,169,course_07,169,-32.5247,-3.9506,NORMAL,UNASSIGNED
MAIN_00,,,170,course_07,170,-32.4585,-4.7334,NORMAL,UNASSIGNED
MAIN_00,,,171,course_07,171,-32.5195,-5.7261,NORMAL,UNASSIGNED
MAIN_00,,,172,course_07,172,-32.6607,-6.5005,NORMAL,UNASSIGNED
MAIN_00,,,173,course_07,173,-32.7562,-7.2381,NORMAL,UNASSIGNED
MAIN_00,,,174,course_07,174,-32.9679,-8.0328,NORMAL,UNASSIGNED
MAIN_00,,,175,course_07,175,-33.2101,-8.7066,NORMAL,UNASSIGNED
MAIN_00,,,176,course_07,176,-33.5019,-9.6503,NORMAL,UNASSIGNED
MAIN_00,,,177,course_07,177,-33.7336,-10.3066,NORMAL,UNASSIGNED
MAIN_00,,,178,course_07,178,-34.0222,-11.0332,NORMAL,UNASSIGNED
MAIN_00,,,179,course_07,179,-34.3573,-11.8164,NORMAL,UNASSIGNED
MAIN_00,,,180,course_07,180,-34.6132,-12.6043,NORMAL,UNASSIGNED
MAIN_00,,,181,course_07,181,-34.9455,-13.3183,NORMAL,UNASSIGNED
MAIN_00,,,182,course_07,182,-35.2633,-14.1347,NORMAL,UNASSIGNED
MAIN_00,,,183,course_07,183,-35.5518,-14.7855,NORMAL,UNASSIGNED
MAIN_00,,,184,course_07,184,-35.9370,-15.7197,NORMAL,UNASSIGNED
MAIN_00,,,185,course_07,185,-36.2020,-16.3058,NORMAL,UNASSIGNED
MAIN_00,,,186,course_07,186,-36.5291,-17.0884,NORMAL,UNASSIGNED
MAIN_00,,,187,course_07,187,-36.8541,-18.1134,NORMAL,UNASSIGNED
MAIN_00,,,188,course_07,188,-37.1376,-18.6542,NORMAL,UNASSIGNED
MAIN_00,,,189,course_07,189,-37.4430,-19.4323,NORMAL,UNASSIGNED
MAIN_00,,,190,course_07,190,-37.7349,-20.0917,NORMAL,UNASSIGNED
MAIN_00,,,191,course_07,191,-38.0415,-20.8126,NORMAL,UNASSIGNED
MAIN_00,,,192,course_07,192,-38.3585,-21.6439,NORMAL,UNASSIGNED
MAIN_00,,,193,course_07,193,-38.7499,-22.6840,NORMAL,UNASSIGNED
MAIN_00,,,194,course_07,194,-39.3394,-24.1283,NORMAL,UNASSIGNED
MAIN_00,,,195,course_07,195,-39.5693,-24.9013,NORMAL,UNASSIGNED
MAIN_00,,,196,course_07,196,-39.9267,-25.7143,NORMAL,UNASSIGNED
MAIN_00,,,197,course_07,197,-40.2192,-26.4912,NORMAL,UNASSIGNED
MAIN_00,,,198,course_07,198,-40.4822,-27.2905,NORMAL,UNASSIGNED
MAIN_00,,,199,course_07,199,-40.8072,-28.0248,NORMAL,UNASSIGNED
MAIN_00,,,200,course_07,200,-41.0705,-28.7230,NORMAL,UNASSIGNED
MAIN_00,,,201,course_07,201,-41.3564,-29.4614,NORMAL,UNASSIGNED
MAIN_00,,,202,course_07,202,-41.6388,-30.0666,NORMAL,UNASSIGNED
MAIN_00,,,203,course_07,203,-41.9808,-30.8011,NORMAL,UNASSIGNED
MAIN_00,,,204,course_07,204,-42.3694,-31.9037,NORMAL,UNASSIGNED
MAIN_00,,,205,course_07,205,-42.6591,-32.6990,NORMAL,UNASSIGNED
MAIN_00,,,206,course_07,206,-42.9847,-33.4982,NORMAL,UNASSIGNED
MAIN_00,,,207,course_07,207,-43.3457,-34.3107,NORMAL,UNASSIGNED
MAIN_00,,,208,course_07,208,-43.6382,-34.9917,NORMAL,UNASSIGNED
MAIN_00,,,209,course_07,209,-44.0414,-35.9979,NORMAL,UNASSIGNED
MAIN_00,,,210,course_07,210,-44.3952,-36.8450,NORMAL,UNASSIGNED
MAIN_00,,,211,course_07,211,-44.7365,-37.6024,NORMAL,UNASSIGNED
MAIN_00,,,212,course_07,212,-45.0842,-38.4507,NORMAL,UNASSIGNED
MAIN_00,,,213,course_07,213,-45.3467,-39.1491,NORMAL,UNASSIGNED
MAIN_00,,,214,course_07,214,-45.6865,-39.8886,NORMAL,UNASSIGNED
MAIN_00,,,215,course_07,215,-45.9833,-40.6340,NORMAL,UNASSIGNED
MAIN_00,,,216,course_07,216,-46.2426,-41.3380,NORMAL,UNASSIGNED
MAIN_00,,,217,course_07,217,-46.6015,-42.1746,NORMAL,UNASSIGNED
MAIN_00,,,218,course_07,218,-46.9210,-42.9316,NORMAL,UNASSIGNED
MAIN_00,,,219,course_07,219,-47.2921,-43.7751,NORMAL,UNASSIGNED
MAIN_00,,,220,course_07,220,-47.5310,-44.3826,NORMAL,UNASSIGNED
MAIN_00,,,221,course_07,221,-47.8438,-45.0246,NORMAL,UNASSIGNED
MAIN_00,,,222,course_07,222,-48.1594,-45.7413,NORMAL,UNASSIGNED
MAIN_00,,,223,course_07,223,-48.5773,-46.4822,NORMAL,UNASSIGNED
MAIN_00,,,224,course_07,224,-49.0058,-47.2932,NORMAL,UNASSIGNED
MAIN_00,,,225,course_07,225,-49.4484,-47.8437,NORMAL,UNASSIGNED
MAIN_00,,,226,course_07,226,-49.9746,-48.3314,NORMAL,UNASSIGNED
MAIN_00,,,227,course_07,227,-50.7696,-48.8039,NORMAL,UNASSIGNED
MAIN_00,,,228,course_07,228,-51.6618,-49.1200,NORMAL,UNASSIGNED
MAIN_00,,,229,course_07,229,-52.2081,-49.0886,NORMAL,UNASSIGNED
MAIN_00,,,230,course_07,230,-53.3618,-48.8171,NORMAL,UNASSIGNED
MAIN_00,,,231,course_07,231,-54.1940,-48.4040,NORMAL,UNASSIGNED
MAIN_00,,,232,course_07,232,-54.9086,-47.9483,NORMAL,UNASSIGNED
MAIN_00,,,233,course_07,233,-55.5905,-47.4491,NORMAL,UNASSIGNED
MAIN_00,,,234,course_07,234,-56.3019,-46.8609,NORMAL,UNASSIGNED
MAIN_00,,,235,course_07,235,-56.9098,-46.1443,NORMAL,UNASSIGNED
MAIN_00,,,236,course_07,236,-57.1287,-45.6407,NORMAL,UNASSIGNED
MAIN_00,,,237,course_07,237,-57.6247,-44.6001,NORMAL,UNASSIGNED
MAIN_00,,,238,course_07,238,-57.7914,-43.6790,NORMAL,UNASSIGNED
MAIN_00,,,239,course_07,239,-57.9055,-43.2009,NORMAL,UNASSIGNED
MAIN_00,,,240,course_07,240,-58.1356,-42.1685,NORMAL,UNASSIGNED
MAIN_00,,,241,course_07,241,-58.0755,-41.1897,NORMAL,UNASSIGNED
MAIN_00,,,242,course_07,242,-57.9879,-40.3261,NORMAL,UNASSIGNED
MAIN_00,,,243,course_07,243,-57.8805,-39.3950,NORMAL,UNASSIGNED
MAIN_00,,,244,course_07,244,-57.9037,-38.6770,NORMAL,UNASSIGNED
MAIN_00,,,245,course_07,245,-57.7689,-37.9194,NORMAL,UNASSIGNED
MAIN_00,,,246,course_07,246,-57.7690,-37.2159,NORMAL,UNASSIGNED
MAIN_00,,,247,course_07,247,-57.7491,-36.3032,NORMAL,UNASSIGNED
MAIN_00,,,248,course_07,248,-57.7972,-35.4140,NORMAL,UNASSIGNED
MAIN_00,,,249,course_07,249,-57.9478,-34.6675,NORMAL,UNASSIGNED
MAIN_00,,,250,course_07,250,-58.2183,-33.7875,NORMAL,UNASSIGNED
MAIN_00,,,251,course_07,251,-58.5540,-32.9271,NORMAL,UNASSIGNED
MAIN_00,,,252,course_07,252,-58.8379,-32.2623,NORMAL,UNASSIGNED
MAIN_00,,,253,course_07,253,-59.2804,-31.5528,NORMAL,UNASSIGNED
MAIN_00,,,254,course_07,254,-59.6467,-31.0813,NORMAL,UNASSIGNED
MAIN_00,,,255,course_07,255,-60.1257,-30.5595,NORMAL,UNASSIGNED
MAIN_00,,,256,course_07,256,-61.0841,-29.8941,NORMAL,UNASSIGNED
MAIN_00,,,257,course_07,257,-61.7344,-29.5035,NORMAL,UNASSIGNED
MAIN_00,,,258,course_07,258,-62.6620,-29.0129,NORMAL,UNASSIGNED
MAIN_00,,,259,course_07,259,-63.6043,-28.7569,NORMAL,UNASSIGNED
MAIN_00,,,260,course_07,260,-64.4989,-28.5137,NORMAL,UNASSIGNED
MAIN_00,,,261,course_07,261,-65.3219,-28.4176,NORMAL,UNASSIGNED
MAIN_00,,,262,course_07,262,-66.0096,-28.4509,NORMAL,UNASSIGNED
MAIN_00,,,263,course_07,263,-66.7614,-28.4999,NORMAL,UNASSIGNED
MAIN_00,,,264,course_07,264,-67.4343,-28.5599,NORMAL,UNASSIGNED
MAIN_00,,,265,course_07,265,-68.4006,-28.7216,NORMAL,UNASSIGNED
MAIN_00,,,266,course_07,266,-68.9558,-28.8088,NORMAL,UNASSIGNED
MAIN_00,,,267,course_07,267,-69.6538,-28.9299,NORMAL,UNASSIGNED
MAIN_00,,,268,course_07,268,-70.4172,-28.9783,NORMAL,UNASSIGNED
MAIN_00,,,269,course_07,269,-71.3016,-28.9709,NORMAL,UNASSIGNED
MAIN_00,,,270,course_07,270,-72.3417,-28.9311,NORMAL,UNASSIGNED
MAIN_00,,,271,course_07,271,-72.9860,-28.8143,NORMAL,UNASSIGNED
MAIN_00,,,272,course_07,272,-73.8160,-28.5733,NORMAL,UNASSIGNED
MAIN_00,,,273,course_07,273,-74.7771,-28.2155,NORMAL,UNASSIGNED
MAIN_00,,,274,course_07,274,-75.6317,-27.6905,NORMAL,UNASSIGNED
MAIN_00,,,275,course_07,275,-76.4334,-26.9357,NORMAL,UNASSIGNED
MAIN_00,,,276,course_07,276,-77.1103,-26.1721,NORMAL,UNASSIGNED
MAIN_00,,,277,course_07,277,-77.6619,-25.3702,NORMAL,UNASSIGNED
MAIN_00,,,278,course_07,278,-78.1676,-24.5760,NORMAL,UNASSIGNED
MAIN_00,,,279,course_07,279,-78.4066,-23.7429,NORMAL,UNASSIGNED
MAIN_00,,,280,course_07,280,-78.6711,-22.8897,NORMAL,UNASSIGNED
MAIN_00,,,281,course_07,281,-78.8555,-22.0412,NORMAL,UNASSIGNED
MAIN_00,,,282,course_07,282,-78.9083,-21.1750,NORMAL,UNASSIGNED
MAIN_00,,,283,course_07,283,-78.8478,-20.3590,NORMAL,UNASSIGNED
MAIN_00,,,284,course_07,284,-78.6258,-19.5152,NORMAL,UNASSIGNED
MAIN_00,,,285,course_07,285,-78.4910,-18.7966,NORMAL,UNASSIGNED
MAIN_00,,,286,course_07,286,-78.0410,-17.9026,NORMAL,UNASSIGNED
MAIN_00,,,287,course_07,287,-77.4733,-17.0583,NORMAL,UNASSIGNED
MAIN_00,,,288,course_07,288,-76.8644,-16.5266,NORMAL,UNASSIGNED
MAIN_00,,,289,course_07,289,-76.1994,-16.1434,NORMAL,UNASSIGNED
MAIN_00,,,290,course_07,290,-75.3252,-15.7270,NORMAL,UNASSIGNED
MAIN_00,,,291,course_07,291,-74.3871,-15.5756,NORMAL,UNASSIGNED
MAIN_00,,,292,course_07,292,-73.4695,-15.5522,NORMAL,UNASSIGNED
MAIN_00,,,293,course_07,293,-72.6600,-15.5952,NORMAL,UNASSIGNED
MAIN_00,,,294,course_07,294,-71.8705,-15.5262,NORMAL,UNASSIGNED
MAIN_00,,,295,course_07,295,-71.1082,-15.5663,NORMAL,UNASSIGNED
MAIN_00,,,296,course_07,296,-70.1582,-15.7294,NORMAL,UNASSIGNED
MAIN_00,,,297,course_07,297,-69.2830,-15.9400,NORMAL,UNASSIGNED
MAIN_00,,,298,course_07,298,-68.4976,-16.1161,NORMAL,UNASSIGNED
MAIN_00,,,299,course_07,299,-67.6272,-16.3495,NORMAL,UNASSIGNED
MAIN_00,,,300,course_07,300,-66.8597,-16.5753,NORMAL,UNASSIGNED
MAIN_00,,,301,course_07,301,-66.0481,-16.7013,NORMAL,UNASSIGNED
MAIN_00,,,302,course_07,302,-65.1817,-16.9782,NORMAL,UNASSIGNED
MAIN_00,,,303,course_07,303,-64.3498,-17.1504,NORMAL,UNASSIGNED
MAIN_00,,,304,course_07,304,-63.7115,-17.3087,NORMAL,UNASSIGNED
MAIN_00,,,305,course_07,305,-62.8089,-17.4789,NORMAL,UNASSIGNED
MAIN_00,,,306,course_07,306,-62.0035,-17.6972,NORMAL,UNASSIGNED
MAIN_00,,,307,course_07,307,-61.2065,-17.9117,NORMAL,UNASSIGNED
MAIN_00,,,308,course_07,308,-60.5444,-18.1193,NORMAL,UNASSIGNED
MAIN_00,,,309,course_07,309,-59.6724,-18.3584,NORMAL,UNASSIGNED
MAIN_00,,,310,course_07,310,-58.8228,-18.5934,NORMAL,UNASSIGNED
MAIN_00,,,311,course_07,311,-57.8675,-19.0645,NORMAL,UNASSIGNED
MAIN_00,,,312,course_07,312,-56.9519,-19.4129,NORMAL,UNASSIGNED
MAIN_00,,,313,course_07,313,-56.4029,-19.5411,NORMAL,UNASSIGNED
MAIN_00,,,314,course_07,314,-55.8198,-19.7308,NORMAL,UNASSIGNED
MAIN_00,,,315,course_07,315,-54.9442,-20.0163,NORMAL,UNASSIGNED
MAIN_00,,,316,course_07,316,-54.1636,-20.3708,NORMAL,UNASSIGNED
MAIN_00,,,317,course_07,317,-53.3483,-20.6481,NORMAL,UNASSIGNED
MAIN_00,,,318,course_07,318,-52.5262,-20.9441,NORMAL,UNASSIGNED
MAIN_00,,,319,course_07,319,-51.8660,-21.2275,NORMAL,UNASSIGNED
MAIN_00,,,320,course_07,320,-51.0693,-21.5270,NORMAL,UNASSIGNED
MAIN_00,,,321,course_07,321,-50.2501,-21.8931,NORMAL,UNASSIGNED
MAIN_00,,,322,course_07,322,-49.4586,-22.1787,NORMAL,UNASSIGNED
MAIN_00,,,323,course_07,323,-48.6197,-22.5106,NORMAL,UNASSIGNED
MAIN_00,,,324,course_07,324,-47.8277,-22.8308,NORMAL,UNASSIGNED
MAIN_00,,,325,course_07,325,-46.9581,-23.3164,NORMAL,UNASSIGNED
MAIN_00,,,326,course_07,326,-46.1654,-23.5284,NORMAL,UNASSIGNED
MAIN_00,,,327,course_07,327,-45.4718,-23.9188,NORMAL,UNASSIGNED
MAIN_00,,,328,course_07,328,-44.6333,-24.3051,NORMAL,UNASSIGNED
MAIN_00,,,329,course_07,329,-43.8634,-24.6161,NORMAL,UNASSIGNED
MAIN_00,,,330,course_07,330,-43.0418,-24.9697,NORMAL,UNASSIGNED
MAIN_00,,,331,course_07,331,-42.2772,-25.2962,NORMAL,UNASSIGNED
MAIN_00,,,332,course_07,332,-41.5323,-25.6477,NORMAL,UNASSIGNED
MAIN_00,,,333,course_07,333,-40.7792,-25.9411,NORMAL,UNASSIGNED
MAIN_00,,,334,course_07,334,-40.1047,-26.2248,NORMAL,UNASSIGNED
MAIN_00,,,335,course_07,335,-39.1853,-26.5885,NORMAL,UNASSIGNED
MAIN_00,,,336,course_07,336,-38.4136,-26.9032,NORMAL,UNASSIGNED
MAIN_00,,,337,course_07,337,-37.7322,-27.1972,NORMAL,UNASSIGNED
MAIN_00,,,338,course_07,338,-36.9661,-27.4889,NORMAL,UNASSIGNED
MAIN_00,,,339,course_07,339,-36.2470,-27.7415,NORMAL,UNASSIGNED
MAIN_00,,,340,course_07,340,-35.4935,-28.0650,NORMAL,UNASSIGNED
MAIN_00,,,341,course_07,341,-34.7852,-28.3309,NORMAL,UNASSIGNED
MAIN_00,,,342,course_07,342,-33.9595,-28.6699,NORMAL,UNASSIGNED
MAIN_00,,,343,course_07,343,-33.2238,-28.9569,NORMAL,UNASSIGNED
MAIN_00,,,344,course_07,344,-32.4971,-29.2628,NORMAL,UNASSIGNED
MAIN_00,,,345,course_07,345,-31.6730,-29.6287,NORMAL,UNASSIGNED
MAIN_00,,,346,course_07,346,-31.0997,-29.9295,NORMAL,UNASSIGNED
MAIN_00,,,347,course_07,347,-30.3836,-30.7436,NORMAL,UNASSIGNED
MAIN_00,,,348,course_07,348,-30.2258,-31.5277,NORMAL,UNASSIGNED
MAIN_00,,,349,course_07,349,-30.1741,-32.4107,NORMAL,UNASSIGNED
MAIN_00,,,350,course_07,350,-30.2187,-33.4024,NORMAL,UNASSIGNED
T_1,T,1,0,course_09,12,-29.6514,-34.5706,PERP_PARK,UNASSIGNED
T_1,T,1,1,course_09,13,-29.9411,-35.4624,PERP_PARK,UNASSIGNED
T_1,T,1,2,course_09,14,-30.1048,-35.9901,PERP_PARK,UNASSIGNED
T_1,T,1,3,course_09,15,-30.3727,-36.5647,PERP_PARK,UNASSIGNED
T_1,T,1,4,course_09,16,-30.6721,-37.2704,PERP_PARK,UNASSIGNED
T_1,T,1,5,course_09,17,-30.9789,-38.0397,PERP_PARK,UNASSIGNED
T_1,T,1,6,course_09,18,-31.2876,-38.8333,PERP_PARK,UNASSIGNED
T_1,T,1,7,course_09,19,-31.5693,-39.4831,PERP_PARK,UNASSIGNED
T_1,T,1,8,course_09,20,-31.7831,-40.2129,PERP_PARK,UNASSIGNED
T_1,T,1,9,course_09,21,-32.0183,-40.7402,PERP_PARK,UNASSIGNED
T_1,T,1,10,course_09,22,-32.2434,-41.2392,PERP_PARK,UNASSIGNED
T_1,T,1,11,course_09,23,-32.5137,-41.9432,PERP_PARK,UNASSIGNED
T_1,T,1,12,course_09,24,-32.8081,-42.6521,PERP_PARK,UNASSIGNED
T_1,T,1,13,course_09,25,-33.0550,-43.2932,PERP_PARK,UNASSIGNED
T_1,T,1,14,course_09,26,-33.4837,-44.5815,PERP_PARK,UNASSIGNED
T_1,T,1,15,course_09,27,-33.7626,-45.2985,PERP_PARK,UNASSIGNED
T_1,T,1,16,course_09,28,-34.0985,-46.0542,PERP_PARK,UNASSIGNED
T_1,T,1,17,course_09,29,-34.4378,-46.8451,PERP_PARK,UNASSIGNED
T_1,T,1,18,course_09,30,-34.7728,-47.6532,PERP_PARK,UNASSIGNED
T_1,T,1,19,course_09,31,-35.0882,-48.4666,PERP_PARK,UNASSIGNED
T_1,T,1,20,course_09,32,-35.4378,-49.3287,PERP_PARK,UNASSIGNED
T_1,T,1,21,course_09,33,-35.7503,-50.0940,PERP_PARK,UNASSIGNED
T_1,T,1,22,course_09,34,-36.1276,-50.9465,PERP_PARK,UNASSIGNED
T_1,T,1,23,course_09,35,-36.4781,-51.6759,PERP_PARK,UNASSIGNED
T_1,T,1,24,course_09,36,-36.2643,-51.5143,PERP_PARK,UNASSIGNED
T_1,T,1,25,course_09,37,-35.8642,-50.7882,PERP_PARK,UNASSIGNED
T_1,T,1,26,course_09,38,-35.4683,-50.2261,PERP_PARK,UNASSIGNED
T_1,T,1,27,course_09,39,-35.0329,-49.6379,PERP_PARK,UNASSIGNED
T_1,T,1,28,course_09,40,-34.4280,-48.9095,PERP_PARK,UNASSIGNED
T_1,T,1,29,course_09,41,-34.1302,-48.4265,PERP_PARK,UNASSIGNED
T_1,T,1,30,course_09,42,-33.5136,-48.1771,PERP_PARK,UNASSIGNED
T_1,T,1,31,course_09,43,-32.7794,-47.9024,PERP_PARK,UNASSIGNED
T_1,T,1,32,course_09,44,-32.0806,-47.8432,PERP_PARK,UNASSIGNED
T_1,T,1,33,course_09,45,-31.4367,-47.7889,PERP_PARK,UNASSIGNED
T_1,T,1,34,course_09,46,-30.9216,-47.7536,PERP_PARK,UNASSIGNED
T_1,T,1,35,course_09,47,-30.4888,-47.7006,PERP_PARK,UNASSIGNED
T_1,T,1,36,course_09,48,-29.9090,-48.0207,PERP_PARK,UNASSIGNED
T_1,T,1,37,course_09,49,-29.4387,-48.3115,PERP_PARK,UNASSIGNED
T_1,T,1,38,course_09,50,-28.7692,-48.6466,PERP_PARK,UNASSIGNED
T_1,T,1,39,course_09,51,-28.4008,-48.7264,PERP_PARK,UNASSIGNED
T_1,T,1,40,course_09,52,-28.1479,-48.9262,PERP_PARK,UNASSIGNED
T_1,T,1,41,course_09,53,-28.5702,-48.6689,PERP_PARK,UNASSIGNED
T_1,T,1,42,course_09,54,-29.1771,-48.2384,PERP_PARK,UNASSIGNED
T_1,T,1,43,course_09,55,-29.5728,-47.9531,PERP_PARK,UNASSIGNED
T_1,T,1,44,course_09,56,-30.1842,-47.5875,PERP_PARK,UNASSIGNED
T_1,T,1,45,course_09,57,-30.7772,-47.0889,PERP_PARK,UNASSIGNED
T_1,T,1,46,course_09,58,-31.2400,-46.5916,PERP_PARK,UNASSIGNED
T_1,T,1,47,course_09,59,-31.5735,-46.0630,PERP_PARK,UNASSIGNED
T_1,T,1,48,course_09,60,-31.8626,-45.4791,PERP_PARK,UNASSIGNED
T_1,T,1,49,course_09,61,-32.0281,-44.5201,PERP_PARK,UNASSIGNED
T_1,T,1,50,course_09,62,-31.9010,-43.7460,PERP_PARK,UNASSIGNED
T_1,T,1,51,course_09,63,-31.7067,-42.9769,PERP_PARK,UNASSIGNED
T_1,T,1,52,course_09,64,-31.4873,-42.1580,PERP_PARK,UNASSIGNED
T_1,T,1,53,course_07,405,-31.0877,-41.8599,PERP_PARK,UNASSIGNED
T_1,T,1,54,course_07,406,-30.9289,-40.9927,PERP_PARK,UNASSIGNED
T_1,T,1,55,course_07,407,-30.6321,-40.1545,PERP_PARK,UNASSIGNED
T_1,T,1,56,course_07,408,-30.3538,-39.2756,PERP_PARK,UNASSIGNED
T_1,T,1,57,course_07,409,-29.9177,-38.4498,PERP_PARK,UNASSIGNED
T_1,T,1,58,course_07,410,-29.7555,-37.7402,PERP_PARK,UNASSIGNED
T_1,T,1,59,course_07,411,-29.4698,-36.9371,PERP_PARK,UNASSIGNED
T_1,T,1,60,course_07,412,-29.2273,-36.2251,PERP_PARK,UNASSIGNED
T_1,T,1,61,course_07,413,-28.7574,-35.5287,PERP_PARK,UNASSIGNED
T_2,T,2,0,course_09,12,-29.6514,-34.5706,PERP_PARK,UNASSIGNED
T_2,T,2,1,course_09,13,-29.9411,-35.4624,PERP_PARK,UNASSIGNED
T_2,T,2,2,course_09,14,-30.1048,-35.9901,PERP_PARK,UNASSIGNED
T_2,T,2,3,course_09,15,-30.3727,-36.5647,PERP_PARK,UNASSIGNED
T_2,T,2,4,course_09,16,-30.6721,-37.2704,PERP_PARK,UNASSIGNED
T_2,T,2,5,course_09,17,-30.9789,-38.0397,PERP_PARK,UNASSIGNED
T_2,T,2,6,course_09,18,-31.2876,-38.8333,PERP_PARK,UNASSIGNED
T_2,T,2,7,course_09,19,-31.5693,-39.4831,PERP_PARK,UNASSIGNED
T_2,T,2,8,course_09,20,-31.7831,-40.2129,PERP_PARK,UNASSIGNED
T_2,T,2,9,course_09,21,-32.0183,-40.7402,PERP_PARK,UNASSIGNED
T_2,T,2,10,course_09,22,-32.2434,-41.2392,PERP_PARK,UNASSIGNED
T_2,T,2,11,course_09,23,-32.5137,-41.9432,PERP_PARK,UNASSIGNED
T_2,T,2,12,course_09,24,-32.8081,-42.6521,PERP_PARK,UNASSIGNED
T_2,T,2,13,course_09,25,-33.0550,-43.2932,PERP_PARK,UNASSIGNED
T_2,T,2,14,course_09,26,-33.4837,-44.5815,PERP_PARK,UNASSIGNED
T_2,T,2,15,course_09,27,-33.7626,-45.2985,PERP_PARK,UNASSIGNED
T_2,T,2,16,course_09,28,-34.0985,-46.0542,PERP_PARK,UNASSIGNED
T_2,T,2,17,course_09,29,-34.4378,-46.8451,PERP_PARK,UNASSIGNED
T_2,T,2,18,course_09,30,-34.7728,-47.6532,PERP_PARK,UNASSIGNED
T_2,T,2,19,course_09,31,-35.0882,-48.4666,PERP_PARK,UNASSIGNED
T_2,T,2,20,course_09,32,-35.4378,-49.3287,PERP_PARK,UNASSIGNED
T_2,T,2,21,course_09,33,-35.7503,-50.0940,PERP_PARK,UNASSIGNED
T_2,T,2,22,course_09,34,-36.1276,-50.9465,PERP_PARK,UNASSIGNED
T_2,T,2,23,course_09,35,-36.4781,-51.6759,PERP_PARK,UNASSIGNED
T_2,T,2,24,course_09,65,-36.9189,-52.4477,PERP_PARK,UNASSIGNED
T_2,T,2,25,course_09,66,-36.7212,-52.1284,PERP_PARK,UNASSIGNED
T_2,T,2,26,course_09,67,-36.2996,-51.5451,PERP_PARK,UNASSIGNED
T_2,T,2,27,course_09,68,-35.8967,-50.9396,PERP_PARK,UNASSIGNED
T_2,T,2,28,course_09,69,-35.3239,-50.1422,PERP_PARK,UNASSIGNED
T_2,T,2,29,course_09,70,-34.8489,-49.6503,PERP_PARK,UNASSIGNED
T_2,T,2,30,course_09,71,-34.3465,-48.9568,PERP_PARK,UNASSIGNED
T_2,T,2,31,course_09,72,-33.8874,-48.3342,PERP_PARK,UNASSIGNED
T_2,T,2,32,course_09,73,-33.4796,-47.8431,PERP_PARK,UNASSIGNED
T_2,T,2,33,course_09,74,-33.1242,-46.8718,PERP_PARK,UNASSIGNED
T_2,T,2,34,course_09,75,-32.8025,-46.3394,PERP_PARK,UNASSIGNED
T_2,T,2,35,course_09,76,-32.4719,-45.9956,PERP_PARK,UNASSIGNED
T_2,T,2,36,course_09,77,-31.9518,-45.7869,PERP_PARK,UNASSIGNED
T_2,T,2,37,course_09,78,-31.2277,-45.6183,PERP_PARK,UNASSIGNED
T_2,T,2,38,course_09,79,-30.4440,-45.8773,PERP_PARK,UNASSIGNED
T_2,T,2,39,course_09,80,-29.8162,-45.8817,PERP_PARK,UNASSIGNED
T_2,T,2,40,course_09,81,-29.1949,-45.9946,PERP_PARK,UNASSIGNED
T_2,T,2,41,course_09,82,-28.5061,-46.2891,PERP_PARK,UNASSIGNED
T_2,T,2,42,course_09,83,-27.9452,-46.4883,PERP_PARK,UNASSIGNED
T_2,T,2,43,course_09,84,-27.2625,-46.6465,PERP_PARK,UNASSIGNED
T_2,T,2,44,course_09,85,-27.6334,-46.5776,PERP_PARK,UNASSIGNED
T_2,T,2,45,course_09,86,-28.2457,-46.2510,PERP_PARK,UNASSIGNED
T_2,T,2,46,course_09,87,-29.0805,-45.9438,PERP_PARK,UNASSIGNED
T_2,T,2,47,course_09,88,-29.9279,-45.5697,PERP_PARK,UNASSIGNED
T_2,T,2,48,course_09,89,-30.6381,-45.0503,PERP_PARK,UNASSIGNED
T_2,T,2,49,course_09,90,-31.1979,-44.3400,PERP_PARK,UNASSIGNED
T_2,T,2,50,course_09,91,-31.5522,-43.4599,PERP_PARK,UNASSIGNED
T_2,T,2,51,course_09,92,-31.5814,-42.5997,PERP_PARK,UNASSIGNED
T_2,T,2,52,course_09,93,-31.3464,-41.6445,PERP_PARK,UNASSIGNED
T_2,T,2,53,course_09,94,-30.9695,-40.5919,PERP_PARK,UNASSIGNED
T_2,T,2,54,course_09,95,-30.6499,-39.7113,PERP_PARK,UNASSIGNED
T_2,T,2,55,course_09,96,-30.2208,-38.8409,PERP_PARK,UNASSIGNED
T_2,T,2,56,course_09,97,-29.8938,-38.1488,PERP_PARK,UNASSIGNED
T_2,T,2,57,course_09,98,-29.5469,-37.3299,PERP_PARK,UNASSIGNED
T_2,T,2,58,course_09,99,-29.1575,-36.4097,PERP_PARK,UNASSIGNED
T_2,T,2,59,course_09,100,-28.8932,-35.4894,PERP_PARK,UNASSIGNED
MAIN_01,,,0,course_07,414,-28.2196,-34.9046,NORMAL,UNASSIGNED
MAIN_01,,,1,course_07,415,-27.6864,-34.4269,NORMAL,UNASSIGNED
MAIN_01,,,2,course_07,416,-26.7810,-33.9795,NORMAL,UNASSIGNED
MAIN_01,,,3,course_07,417,-25.9360,-33.6741,NORMAL,UNASSIGNED
MAIN_01,,,4,course_07,418,-25.0368,-33.5941,NORMAL,UNASSIGNED
MAIN_01,,,5,course_07,419,-24.1811,-33.5234,NORMAL,UNASSIGNED
MAIN_01,,,6,course_07,420,-23.3628,-33.5870,NORMAL,UNASSIGNED
MAIN_01,,,7,course_07,421,-22.5961,-33.8013,NORMAL,UNASSIGNED
MAIN_01,,,8,course_07,422,-21.7286,-34.0862,NORMAL,UNASSIGNED
MAIN_01,,,9,course_07,423,-20.9054,-34.4984,NORMAL,UNASSIGNED
MAIN_01,,,10,course_07,424,-20.2217,-34.9301,NORMAL,UNASSIGNED
MAIN_01,,,11,course_07,425,-19.5391,-35.4598,NORMAL,UNASSIGNED
MAIN_01,,,12,course_07,426,-18.9079,-35.9008,NORMAL,UNASSIGNED
MAIN_01,,,13,course_07,427,-18.3946,-36.4792,NORMAL,UNASSIGNED
MAIN_01,,,14,course_07,428,-17.8522,-37.1642,NORMAL,UNASSIGNED
MAIN_01,,,15,course_07,429,-17.3342,-38.0150,NORMAL,UNASSIGNED
MAIN_01,,,16,course_07,430,-17.1068,-38.7122,NORMAL,UNASSIGNED
MAIN_01,,,17,course_07,431,-16.8686,-39.5444,NORMAL,UNASSIGNED
MAIN_01,,,18,course_07,432,-16.7197,-40.6283,NORMAL,UNASSIGNED
MAIN_01,,,19,course_07,433,-16.7890,-41.4661,NORMAL,UNASSIGNED
MAIN_01,,,20,course_07,434,-16.9616,-42.3562,NORMAL,UNASSIGNED
MAIN_01,,,21,course_07,435,-17.1590,-43.0800,NORMAL,UNASSIGNED
MAIN_01,,,22,course_07,436,-17.4250,-43.8626,NORMAL,UNASSIGNED
MAIN_01,,,23,course_07,437,-17.6646,-44.4279,NORMAL,UNASSIGNED
MAIN_01,,,24,course_07,438,-17.9617,-45.3882,NORMAL,UNASSIGNED
MAIN_01,,,25,course_07,439,-18.2288,-46.1592,NORMAL,UNASSIGNED
MAIN_01,,,26,course_07,440,-18.6138,-46.8912,NORMAL,UNASSIGNED
MAIN_01,,,27,course_07,441,-18.9128,-47.6507,NORMAL,UNASSIGNED
MAIN_01,,,28,course_07,442,-19.1855,-48.3815,NORMAL,UNASSIGNED
MAIN_01,,,29,course_07,443,-19.4832,-49.0575,NORMAL,UNASSIGNED
MAIN_01,,,30,course_07,444,-19.7973,-49.7320,NORMAL,UNASSIGNED
MAIN_01,,,31,course_07,445,-20.1398,-50.5480,NORMAL,UNASSIGNED
MAIN_01,,,32,course_07,446,-20.3750,-51.1832,NORMAL,UNASSIGNED
MAIN_01,,,33,course_07,447,-20.6113,-51.8167,NORMAL,UNASSIGNED
MAIN_01,,,34,course_07,448,-20.9181,-52.5446,NORMAL,UNASSIGNED
MAIN_01,,,35,course_07,449,-21.2186,-53.2786,NORMAL,UNASSIGNED
MAIN_01,,,36,course_07,450,-21.5532,-53.9876,NORMAL,UNASSIGNED
MAIN_01,,,37,course_07,451,-21.8842,-54.7137,NORMAL,UNASSIGNED
MAIN_01,,,38,course_07,452,-22.2135,-55.3096,NORMAL,UNASSIGNED
MAIN_01,,,39,course_07,453,-22.5142,-56.0572,NORMAL,UNASSIGNED
MAIN_01,,,40,course_07,454,-22.9763,-56.9813,NORMAL,UNASSIGNED
MAIN_01,,,41,course_07,455,-23.3505,-57.6580,NORMAL,UNASSIGNED
MAIN_01,,,42,course_07,456,-23.8061,-58.5936,NORMAL,UNASSIGNED
MAIN_01,,,43,course_07,457,-24.2156,-59.2953,NORMAL,UNASSIGNED
MAIN_01,,,44,course_07,458,-24.7326,-60.0233,NORMAL,UNASSIGNED
MAIN_01,,,45,course_07,459,-25.1405,-60.6255,NORMAL,UNASSIGNED
MAIN_01,,,46,course_07,460,-25.7804,-61.3688,NORMAL,UNASSIGNED
MAIN_01,,,47,course_07,461,-26.4539,-61.9202,NORMAL,UNASSIGNED
MAIN_01,,,48,course_07,462,-27.1316,-62.2920,NORMAL,UNASSIGNED
MAIN_01,,,49,course_07,463,-27.9883,-62.6283,NORMAL,UNASSIGNED
MAIN_01,,,50,course_07,464,-28.8301,-62.7447,NORMAL,UNASSIGNED
MAIN_01,,,51,course_07,465,-29.7414,-62.8228,NORMAL,UNASSIGNED
MAIN_01,,,52,course_07,466,-30.6227,-62.8249,NORMAL,UNASSIGNED
MAIN_01,,,53,course_07,467,-31.4669,-62.6517,NORMAL,UNASSIGNED
MAIN_01,,,54,course_07,468,-32.2550,-62.4664,NORMAL,UNASSIGNED
MAIN_01,,,55,course_07,469,-33.0330,-62.2169,NORMAL,UNASSIGNED
MAIN_01,,,56,course_07,470,-33.9500,-61.9055,NORMAL,UNASSIGNED
MAIN_01,,,57,course_07,471,-34.8008,-61.6065,NORMAL,UNASSIGNED
MAIN_01,,,58,course_07,472,-35.3628,-61.3818,NORMAL,UNASSIGNED
MAIN_01,,,59,course_07,473,-35.9441,-61.0839,NORMAL,UNASSIGNED
MAIN_01,,,60,course_07,474,-36.6527,-60.7266,NORMAL,UNASSIGNED
MAIN_01,,,61,course_07,475,-37.7311,-60.3989,NORMAL,UNASSIGNED
MAIN_01,,,62,course_07,476,-38.4271,-60.0898,NORMAL,UNASSIGNED
MAIN_01,,,63,course_07,477,-39.2916,-59.7458,NORMAL,UNASSIGNED
MAIN_01,,,64,course_07,478,-39.8032,-59.4422,NORMAL,UNASSIGNED
MAIN_01,,,65,course_07,479,-40.5779,-59.0778,NORMAL,UNASSIGNED
MAIN_01,,,66,course_07,480,-41.5056,-58.6918,NORMAL,UNASSIGNED
MAIN_01,,,67,course_07,481,-42.4688,-58.2957,NORMAL,UNASSIGNED
MAIN_01,,,68,course_07,482,-43.2331,-57.9279,NORMAL,UNASSIGNED
MAIN_01,,,69,course_07,483,-44.3830,-57.2220,NORMAL,UNASSIGNED
MAIN_01,,,70,course_07,484,-45.2505,-56.6248,NORMAL,UNASSIGNED
MAIN_01,,,71,course_07,485,-45.8445,-55.7579,NORMAL,UNASSIGNED
MAIN_01,,,72,course_07,486,-46.0903,-54.9284,NORMAL,UNASSIGNED
MAIN_01,,,73,course_07,487,-46.1858,-54.3006,NORMAL,UNASSIGNED
MAIN_01,,,74,course_07,488,-46.3124,-53.4182,NORMAL,UNASSIGNED
MAIN_01,,,75,course_07,489,-46.2940,-52.6883,NORMAL,UNASSIGNED
MAIN_01,,,76,course_07,490,-46.1278,-51.5537,NORMAL,UNASSIGNED
MAIN_01,,,77,course_07,491,-45.7357,-50.3780,NORMAL,UNASSIGNED
MAIN_01,,,78,course_07,492,-45.5401,-49.7480,NORMAL,UNASSIGNED
MAIN_01,,,79,course_07,493,-45.2538,-49.0228,NORMAL,UNASSIGNED
MAIN_01,,,80,course_07,494,-44.9412,-48.2772,NORMAL,UNASSIGNED
MAIN_01,,,81,course_07,495,-44.6076,-47.5020,NORMAL,UNASSIGNED
MAIN_01,,,82,course_07,496,-44.2308,-46.5783,NORMAL,UNASSIGNED
MAIN_01,,,83,course_07,497,-43.8984,-45.6068,NORMAL,UNASSIGNED
MAIN_01,,,84,course_07,498,-43.6082,-44.8067,NORMAL,UNASSIGNED
MAIN_01,,,85,course_07,499,-43.2705,-44.0990,NORMAL,UNASSIGNED
MAIN_01,,,86,course_07,500,-42.8846,-43.1800,NORMAL,UNASSIGNED
MAIN_01,,,87,course_07,501,-42.6036,-42.5097,NORMAL,UNASSIGNED
MAIN_01,,,88,course_07,502,-42.2956,-41.7778,NORMAL,UNASSIGNED
MAIN_01,,,89,course_07,503,-42.0196,-41.0754,NORMAL,UNASSIGNED
MAIN_01,,,90,course_07,504,-41.6995,-39.9925,NORMAL,UNASSIGNED
MAIN_01,,,91,course_07,505,-41.3564,-39.2467,NORMAL,UNASSIGNED
MAIN_01,,,92,course_07,506,-41.0188,-38.5019,NORMAL,UNASSIGNED
MAIN_01,,,93,course_07,507,-40.6565,-37.6609,NORMAL,UNASSIGNED
MAIN_01,,,94,course_07,508,-40.3216,-36.9827,NORMAL,UNASSIGNED
MAIN_01,,,95,course_07,509,-39.9659,-35.9488,NORMAL,UNASSIGNED
MAIN_01,,,96,course_07,510,-39.5347,-34.9124,NORMAL,UNASSIGNED
MAIN_01,,,97,course_07,511,-39.1825,-34.1153,NORMAL,UNASSIGNED
MAIN_01,,,98,course_07,512,-38.7293,-33.2407,NORMAL,UNASSIGNED
MAIN_01,,,99,course_07,513,-38.4234,-32.3166,NORMAL,UNASSIGNED
MAIN_01,,,100,course_07,514,-38.4095,-31.6333,NORMAL,UNASSIGNED
MAIN_01,,,101,course_07,515,-38.2445,-30.5882,NORMAL,UNASSIGNED
MAIN_01,,,102,course_07,516,-38.2727,-29.7667,NORMAL,UNASSIGNED
MAIN_01,,,103,course_07,517,-38.2028,-28.7247,NORMAL,UNASSIGNED
MAIN_01,,,104,course_07,518,-38.3505,-27.9435,NORMAL,UNASSIGNED
MAIN_01,,,105,course_07,519,-38.5291,-26.9755,NORMAL,UNASSIGNED
MAIN_01,,,106,course_07,520,-38.6642,-26.0424,NORMAL,UNASSIGNED
MAIN_01,,,107,course_07,521,-38.8044,-25.1789,NORMAL,UNASSIGNED
MAIN_01,,,108,course_07,522,-38.9549,-24.4226,NORMAL,UNASSIGNED
MAIN_01,,,109,course_07,523,-39.1681,-23.6893,NORMAL,UNASSIGNED
MAIN_01,,,110,course_07,524,-39.6559,-22.9400,NORMAL,UNASSIGNED
MAIN_01,,,111,course_07,525,-40.2578,-22.3586,NORMAL,UNASSIGNED
MAIN_01,,,112,course_07,526,-41.3271,-21.7990,NORMAL,UNASSIGNED
MAIN_01,,,113,course_07,527,-42.0470,-21.4148,NORMAL,UNASSIGNED
MAIN_01,,,114,course_07,528,-42.8481,-21.0462,NORMAL,UNASSIGNED
MAIN_01,,,115,course_07,529,-43.7090,-20.6221,NORMAL,UNASSIGNED
MAIN_01,,,116,course_07,530,-44.5462,-20.2814,NORMAL,UNASSIGNED
MAIN_01,,,117,course_07,531,-45.4009,-19.9403,NORMAL,UNASSIGNED
MAIN_01,,,118,course_07,532,-46.2312,-19.5591,NORMAL,UNASSIGNED
MAIN_01,,,119,course_07,533,-47.1800,-19.1248,NORMAL,UNASSIGNED
MAIN_01,,,120,course_07,534,-48.0148,-18.8097,NORMAL,UNASSIGNED
MAIN_01,,,121,course_07,535,-48.9294,-18.4751,NORMAL,UNASSIGNED
MAIN_01,,,122,course_07,536,-49.6872,-18.0975,NORMAL,UNASSIGNED
MAIN_01,,,123,course_07,537,-50.6969,-17.6927,NORMAL,UNASSIGNED
MAIN_01,,,124,course_07,538,-51.4531,-17.3827,NORMAL,UNASSIGNED
MAIN_01,,,125,course_07,539,-52.2133,-17.0335,NORMAL,UNASSIGNED
MAIN_01,,,126,course_07,540,-53.0483,-16.7340,NORMAL,UNASSIGNED
MAIN_01,,,127,course_07,541,-54.0660,-16.4089,NORMAL,UNASSIGNED
MAIN_01,,,128,course_07,542,-54.9486,-16.0830,NORMAL,UNASSIGNED
MAIN_01,,,129,course_07,543,-55.8129,-15.6969,NORMAL,UNASSIGNED
MAIN_01,,,130,course_07,544,-56.8459,-15.2771,NORMAL,UNASSIGNED
MAIN_01,,,131,course_07,545,-57.6637,-14.9330,NORMAL,UNASSIGNED
MAIN_01,,,132,course_07,546,-58.4925,-14.5974,NORMAL,UNASSIGNED
MAIN_01,,,133,course_07,547,-59.2874,-14.2517,NORMAL,UNASSIGNED
MAIN_01,,,134,course_07,548,-60.1812,-13.9521,NORMAL,UNASSIGNED
MAIN_01,,,135,course_07,549,-60.9679,-13.7046,NORMAL,UNASSIGNED
MAIN_01,,,136,course_07,550,-61.8537,-13.3538,NORMAL,UNASSIGNED
MAIN_01,,,137,course_07,551,-62.7682,-13.0308,NORMAL,UNASSIGNED
MAIN_01,,,138,course_07,552,-63.4348,-12.7618,NORMAL,UNASSIGNED
MAIN_01,,,139,course_07,553,-64.3078,-12.4750,NORMAL,UNASSIGNED
MAIN_01,,,140,course_07,554,-65.2027,-12.1716,NORMAL,UNASSIGNED
MAIN_01,,,141,course_07,555,-66.0858,-11.8554,NORMAL,UNASSIGNED
MAIN_01,,,142,course_07,556,-66.9948,-11.4971,NORMAL,UNASSIGNED
MAIN_01,,,143,course_07,557,-67.9202,-11.1263,NORMAL,UNASSIGNED
MAIN_01,,,144,course_07,558,-68.9298,-10.7402,NORMAL,UNASSIGNED
MAIN_01,,,145,course_07,559,-69.9295,-10.3409,NORMAL,UNASSIGNED
MAIN_01,,,146,course_07,560,-70.9577,-10.0037,NORMAL,UNASSIGNED
MAIN_01,,,147,course_07,561,-71.8573,-9.6854,NORMAL,UNASSIGNED
MAIN_01,,,148,course_07,562,-72.7777,-9.3933,NORMAL,UNASSIGNED
MAIN_01,,,149,course_07,563,-73.7728,-8.9441,NORMAL,UNASSIGNED
MAIN_01,,,150,course_07,564,-74.7206,-8.6984,NORMAL,UNASSIGNED
MAIN_01,,,151,course_07,565,-75.4835,-8.4882,NORMAL,UNASSIGNED
MAIN_01,,,152,course_07,566,-76.3107,-8.2769,NORMAL,UNASSIGNED
MAIN_01,,,153,course_07,567,-77.4621,-8.1167,NORMAL,UNASSIGNED
MAIN_01,,,154,course_07,568,-78.6027,-8.0400,NORMAL,UNASSIGNED
MAIN_01,,,155,course_07,569,-79.5061,-8.1526,NORMAL,UNASSIGNED
MAIN_01,,,156,course_07,570,-80.2901,-8.2631,NORMAL,UNASSIGNED
MAIN_01,,,157,course_07,571,-81.2503,-8.8249,NORMAL,UNASSIGNED
MAIN_01,,,158,course_07,572,-82.0796,-9.3892,NORMAL,UNASSIGNED
MAIN_01,,,159,course_07,573,-82.9218,-9.9887,NORMAL,UNASSIGNED
MAIN_01,,,160,course_07,574,-83.7114,-10.6213,NORMAL,UNASSIGNED
MAIN_01,,,161,course_07,575,-84.5267,-11.3502,NORMAL,UNASSIGNED
MAIN_01,,,162,course_07,576,-85.2221,-12.0545,NORMAL,UNASSIGNED
MAIN_01,,,163,course_07,577,-85.9075,-12.8870,NORMAL,UNASSIGNED
MAIN_01,,,164,course_07,578,-86.3934,-13.8069,NORMAL,UNASSIGNED
MAIN_01,,,165,course_07,579,-86.8187,-14.5453,NORMAL,UNASSIGNED
MAIN_01,,,166,course_07,580,-87.2122,-15.3474,NORMAL,UNASSIGNED
MAIN_01,,,167,course_07,581,-87.6241,-16.2212,NORMAL,UNASSIGNED
MAIN_01,,,168,course_07,582,-88.0282,-17.0358,NORMAL,UNASSIGNED
MAIN_01,,,169,course_07,583,-88.3853,-17.8570,NORMAL,UNASSIGNED
MAIN_01,,,170,course_07,584,-88.8111,-18.8234,NORMAL,UNASSIGNED
MAIN_01,,,171,course_07,585,-89.2170,-19.7801,NORMAL,UNASSIGNED
MAIN_01,,,172,course_07,586,-89.6348,-20.7119,NORMAL,UNASSIGNED
MAIN_01,,,173,course_07,587,-90.1230,-21.7917,NORMAL,UNASSIGNED
MAIN_01,,,174,course_07,588,-90.5689,-22.8398,NORMAL,UNASSIGNED
MAIN_01,,,175,course_07,589,-90.9384,-23.7710,NORMAL,UNASSIGNED
MAIN_01,,,176,course_07,590,-91.4258,-24.8205,NORMAL,UNASSIGNED
MAIN_01,,,177,course_07,591,-91.8209,-25.9538,NORMAL,UNASSIGNED
MAIN_01,,,178,course_07,592,-92.1669,-26.9378,NORMAL,UNASSIGNED
MAIN_01,,,179,course_07,593,-92.6264,-28.1428,NORMAL,UNASSIGNED
MAIN_01,,,180,course_07,594,-92.9382,-28.9012,NORMAL,UNASSIGNED
MAIN_01,,,181,course_07,595,-93.2611,-29.8170,NORMAL,UNASSIGNED
MAIN_01,,,182,course_07,596,-93.6929,-30.9027,NORMAL,UNASSIGNED
MAIN_01,,,183,course_07,597,-94.0949,-31.9814,NORMAL,UNASSIGNED
MAIN_01,,,184,course_07,598,-94.2025,-32.6398,NORMAL,UNASSIGNED
MAIN_01,,,185,course_07,599,-94.4654,-33.7172,NORMAL,UNASSIGNED
MAIN_01,,,186,course_07,600,-94.5701,-34.8642,NORMAL,UNASSIGNED
MAIN_01,,,187,course_07,601,-94.5382,-35.9095,NORMAL,UNASSIGNED
MAIN_01,,,188,course_07,602,-94.4858,-36.6985,NORMAL,UNASSIGNED
MAIN_01,,,189,course_07,603,-94.3593,-37.3162,NORMAL,UNASSIGNED
MAIN_01,,,190,course_07,604,-94.1464,-38.2511,NORMAL,UNASSIGNED
MAIN_01,,,191,course_07,605,-93.6765,-39.3287,NORMAL,UNASSIGNED
MAIN_01,,,192,course_07,606,-92.9760,-40.5425,NORMAL,UNASSIGNED
MAIN_01,,,193,course_07,607,-92.0735,-41.4444,NORMAL,UNASSIGNED
MAIN_01,,,194,course_07,608,-91.0065,-42.2644,NORMAL,UNASSIGNED
MAIN_01,,,195,course_07,609,-90.2276,-42.6498,NORMAL,UNASSIGNED
MAIN_01,,,196,course_07,610,-89.2943,-43.2081,NORMAL,UNASSIGNED
MAIN_01,,,197,course_07,611,-88.4466,-43.7337,NORMAL,UNASSIGNED
MAIN_01,,,198,course_07,612,-87.4067,-44.2171,NORMAL,UNASSIGNED
MAIN_01,,,199,course_07,613,-86.5983,-44.5688,NORMAL,UNASSIGNED
MAIN_01,,,200,course_07,614,-85.0794,-45.2907,NORMAL,UNASSIGNED
MAIN_01,,,201,course_07,615,-83.7459,-45.8874,NORMAL,UNASSIGNED
MAIN_01,,,202,course_07,616,-82.8204,-46.2410,NORMAL,UNASSIGNED
MAIN_01,,,203,course_07,617,-82.0672,-46.5243,NORMAL,UNASSIGNED
MAIN_01,,,204,course_07,618,-81.2300,-46.8701,NORMAL,UNASSIGNED
MAIN_01,,,205,course_07,619,-80.1153,-47.3591,NORMAL,UNASSIGNED
MAIN_01,,,206,course_07,620,-79.0131,-47.9515,NORMAL,UNASSIGNED
MAIN_01,,,207,course_07,621,-78.4300,-48.1293,NORMAL,UNASSIGNED
MAIN_01,,,208,course_07,622,-77.7006,-48.4733,NORMAL,UNASSIGNED
MAIN_01,,,209,course_07,623,-76.7161,-48.9231,NORMAL,UNASSIGNED
MAIN_01,,,210,course_07,624,-75.6740,-49.3459,NORMAL,UNASSIGNED
MAIN_01,,,211,course_07,625,-74.5276,-49.7302,NORMAL,UNASSIGNED
MAIN_01,,,212,course_07,626,-73.4731,-50.1511,NORMAL,UNASSIGNED
MAIN_01,,,213,course_07,627,-72.6769,-50.4696,NORMAL,UNASSIGNED
MAIN_01,,,214,course_07,628,-72.0234,-50.5853,NORMAL,UNASSIGNED
MAIN_01,,,215,course_07,629,-71.2604,-50.8854,NORMAL,UNASSIGNED
MAIN_01,,,216,course_07,630,-70.2256,-51.2380,NORMAL,UNASSIGNED
MAIN_01,,,217,course_07,631,-69.0355,-51.7678,NORMAL,UNASSIGNED
MAIN_01,,,218,course_07,632,-68.2417,-52.0943,NORMAL,UNASSIGNED
MAIN_01,,,219,course_07,633,-67.2959,-52.5662,NORMAL,UNASSIGNED
MAIN_01,,,220,course_07,634,-66.2915,-52.9391,NORMAL,UNASSIGNED
MAIN_01,,,221,course_07,635,-65.2892,-53.3951,NORMAL,UNASSIGNED
MAIN_01,,,222,course_07,636,-64.1716,-53.8542,NORMAL,UNASSIGNED
MAIN_01,,,223,course_07,637,-63.2197,-54.2597,NORMAL,UNASSIGNED
MAIN_01,,,224,course_07,638,-62.1684,-54.7234,NORMAL,UNASSIGNED
MAIN_01,,,225,course_07,639,-61.3870,-54.9967,NORMAL,UNASSIGNED
MAIN_01,,,226,course_07,640,-60.5244,-55.3529,NORMAL,UNASSIGNED
MAIN_01,,,227,course_07,641,-59.4010,-55.8113,NORMAL,UNASSIGNED
MAIN_01,,,228,course_07,642,-58.2844,-56.2282,NORMAL,UNASSIGNED
MAIN_01,,,229,course_07,643,-57.2801,-56.7182,NORMAL,UNASSIGNED
MAIN_01,,,230,course_07,644,-56.3007,-57.1332,NORMAL,UNASSIGNED
MAIN_01,,,231,course_07,645,-55.1595,-57.5357,NORMAL,UNASSIGNED
MAIN_01,,,232,course_07,646,-54.0231,-57.9630,NORMAL,UNASSIGNED
MAIN_01,,,233,course_07,647,-52.8571,-58.4330,NORMAL,UNASSIGNED
MAIN_01,,,234,course_07,648,-51.9707,-58.7165,NORMAL,UNASSIGNED
MAIN_01,,,235,course_07,649,-50.9410,-59.1146,NORMAL,UNASSIGNED
MAIN_01,,,236,course_07,650,-50.0919,-59.4385,NORMAL,UNASSIGNED
MAIN_01,,,237,course_07,651,-48.8096,-59.9631,NORMAL,UNASSIGNED
MAIN_01,,,238,course_07,652,-47.7134,-60.4370,NORMAL,UNASSIGNED
MAIN_01,,,239,course_07,653,-46.6830,-60.8822,NORMAL,UNASSIGNED
MAIN_01,,,240,course_07,654,-45.6189,-61.2382,NORMAL,UNASSIGNED
MAIN_01,,,241,course_07,655,-44.6251,-61.6354,NORMAL,UNASSIGNED
MAIN_01,,,242,course_07,656,-43.6114,-62.0921,NORMAL,UNASSIGNED
MAIN_01,,,243,course_07,657,-42.3629,-62.6457,NORMAL,UNASSIGNED
MAIN_01,,,244,course_07,658,-41.2804,-63.0569,NORMAL,UNASSIGNED
MAIN_01,,,245,course_07,659,-40.1429,-63.5584,NORMAL,UNASSIGNED
MAIN_01,,,246,course_07,660,-39.1669,-63.9538,NORMAL,UNASSIGNED
MAIN_01,,,247,course_07,661,-38.0373,-64.3993,NORMAL,UNASSIGNED
MAIN_01,,,248,course_07,662,-36.9299,-64.9290,NORMAL,UNASSIGNED
MAIN_01,,,249,course_07,663,-35.8321,-65.3929,NORMAL,UNASSIGNED
MAIN_01,,,250,course_07,664,-34.6413,-65.9218,NORMAL,UNASSIGNED
MAIN_01,,,251,course_07,665,-33.6850,-66.2616,NORMAL,UNASSIGNED
MAIN_01,,,252,course_07,666,-32.5442,-66.7339,NORMAL,UNASSIGNED
MAIN_01,,,253,course_07,667,-31.4205,-67.1499,NORMAL,UNASSIGNED
MAIN_01,,,254,course_07,668,-30.2394,-67.5023,NORMAL,UNASSIGNED
MAIN_01,,,255,course_07,669,-28.8968,-67.8895,NORMAL,UNASSIGNED
MAIN_01,,,256,course_07,670,-27.5760,-68.0896,NORMAL,UNASSIGNED
MAIN_01,,,257,course_07,671,-26.5512,-67.8574,NORMAL,UNASSIGNED
MAIN_01,,,258,course_07,672,-25.1417,-67.4393,NORMAL,UNASSIGNED
MAIN_01,,,259,course_07,673,-23.9806,-66.9130,NORMAL,UNASSIGNED
MAIN_01,,,260,course_07,674,-23.2133,-66.1924,NORMAL,UNASSIGNED
MAIN_01,,,261,course_07,675,-22.5507,-65.2393,NORMAL,UNASSIGNED
MAIN_01,,,262,course_07,676,-22.1062,-64.5064,NORMAL,UNASSIGNED
MAIN_01,,,263,course_07,677,-21.3898,-63.2425,NORMAL,UNASSIGNED
MAIN_01,,,264,course_07,678,-20.6302,-61.6105,NORMAL,UNASSIGNED
MAIN_01,,,265,course_07,679,-20.3211,-61.0868,NORMAL,UNASSIGNED
MAIN_01,,,266,course_07,680,-19.9592,-60.4209,NORMAL,UNASSIGNED
MAIN_01,,,267,course_07,681,-19.6896,-59.8505,NORMAL,UNASSIGNED
MAIN_01,,,268,course_07,682,-19.4994,-59.3302,NORMAL,UNASSIGNED
MAIN_01,,,269,course_07,683,-19.0871,-58.4222,NORMAL,UNASSIGNED
MAIN_01,,,270,course_07,684,-18.7310,-57.6464,NORMAL,UNASSIGNED
MAIN_01,,,271,course_07,685,-18.4608,-57.0088,NORMAL,UNASSIGNED
MAIN_01,,,272,course_07,686,-18.2321,-56.3433,NORMAL,UNASSIGNED
MAIN_01,,,273,course_07,687,-17.9961,-55.5719,NORMAL,UNASSIGNED
MAIN_01,,,274,course_07,688,-17.6095,-54.6812,NORMAL,UNASSIGNED
MAIN_01,,,275,course_07,689,-17.3200,-53.9519,NORMAL,UNASSIGNED
MAIN_01,,,276,course_07,690,-17.0232,-53.1587,NORMAL,UNASSIGNED
MAIN_01,,,277,course_07,691,-16.7113,-52.4550,NORMAL,UNASSIGNED
MAIN_01,,,278,course_07,692,-16.4424,-51.6713,NORMAL,UNASSIGNED
MAIN_01,,,279,course_07,693,-16.0859,-51.0508,NORMAL,UNASSIGNED
MAIN_01,,,280,course_07,694,-15.7891,-50.3579,NORMAL,UNASSIGNED
MAIN_01,,,281,course_07,695,-15.4935,-49.4294,NORMAL,UNASSIGNED
MAIN_01,,,282,course_07,696,-15.2522,-48.6568,NORMAL,UNASSIGNED
MAIN_01,,,283,course_07,697,-14.8828,-47.9560,NORMAL,UNASSIGNED
MAIN_01,,,284,course_07,698,-14.7114,-47.4080,NORMAL,UNASSIGNED
MAIN_01,,,285,course_07,699,-14.3760,-46.5159,NORMAL,UNASSIGNED
MAIN_01,,,286,course_07,700,-14.0429,-45.6186,NORMAL,UNASSIGNED
MAIN_01,,,287,course_07,701,-13.7061,-44.8897,NORMAL,UNASSIGNED
MAIN_01,,,288,course_07,702,-13.4258,-44.2042,NORMAL,UNASSIGNED
MAIN_01,,,289,course_07,703,-13.1301,-43.4528,NORMAL,UNASSIGNED
PARALLEL_1_BYPASS,PARALLEL,1,0,derived_parallel_revision,,-12.7423,-42.7765,PARALLEL_PARK,FORWARD
PARALLEL_1_BYPASS,PARALLEL,1,1,derived_parallel_revision,,-12.6037,-42.5105,PARALLEL_PARK,FORWARD
PARALLEL_1_BYPASS,PARALLEL,1,2,derived_parallel_revision,,-12.4867,-42.2344,PARALLEL_PARK,FORWARD
PARALLEL_1_BYPASS,PARALLEL,1,3,derived_parallel_revision,,-12.3913,-41.9500,PARALLEL_PARK,FORWARD
PARALLEL_1_BYPASS,PARALLEL,1,4,derived_parallel_revision,,-12.3173,-41.6594,PARALLEL_PARK,FORWARD
PARALLEL_1_BYPASS,PARALLEL,1,5,derived_parallel_revision,,-12.2637,-41.3642,PARALLEL_PARK,FORWARD
PARALLEL_1_BYPASS,PARALLEL,1,6,derived_parallel_revision,,-12.2295,-41.0662,PARALLEL_PARK,FORWARD
PARALLEL_1_BYPASS,PARALLEL,1,7,derived_parallel_revision,,-12.2136,-40.7667,PARALLEL_PARK,FORWARD
PARALLEL_1_BYPASS,PARALLEL,1,8,derived_parallel_revision,,-12.2144,-40.4668,PARALLEL_PARK,FORWARD
PARALLEL_1_BYPASS,PARALLEL,1,9,derived_parallel_revision,,-12.2308,-40.1672,PARALLEL_PARK,FORWARD
PARALLEL_1_BYPASS,PARALLEL,1,10,derived_parallel_revision,,-12.2614,-39.8688,PARALLEL_PARK,FORWARD
PARALLEL_1_BYPASS,PARALLEL,1,11,derived_parallel_revision,,-12.3050,-39.5720,PARALLEL_PARK,FORWARD
PARALLEL_1_BYPASS,PARALLEL,1,12,derived_parallel_revision,,-12.3606,-39.2772,PARALLEL_PARK,FORWARD
PARALLEL_1_BYPASS,PARALLEL,1,13,derived_parallel_revision,,-12.4271,-38.9847,PARALLEL_PARK,FORWARD
PARALLEL_1_BYPASS,PARALLEL,1,14,derived_parallel_revision,,-12.5036,-38.6947,PARALLEL_PARK,FORWARD
PARALLEL_1_BYPASS,PARALLEL,1,15,derived_parallel_revision,,-12.5893,-38.4072,PARALLEL_PARK,FORWARD
PARALLEL_1_BYPASS,PARALLEL,1,16,derived_parallel_revision,,-12.6835,-38.1224,PARALLEL_PARK,FORWARD
PARALLEL_1_BYPASS,PARALLEL,1,17,derived_parallel_revision,,-12.7856,-37.8403,PARALLEL_PARK,FORWARD
PARALLEL_1_BYPASS,PARALLEL,1,18,derived_parallel_revision,,-12.8949,-37.5609,PARALLEL_PARK,FORWARD
PARALLEL_1_BYPASS,PARALLEL,1,19,derived_parallel_revision,,-13.0109,-37.2842,PARALLEL_PARK,FORWARD
PARALLEL_1_BYPASS,PARALLEL,1,20,derived_parallel_revision,,-13.1332,-37.0103,PARALLEL_PARK,FORWARD
PARALLEL_1_BYPASS,PARALLEL,1,21,derived_parallel_revision,,-13.2614,-36.7391,PARALLEL_PARK,FORWARD
PARALLEL_1_BYPASS,PARALLEL,1,22,derived_parallel_revision,,-13.3950,-36.4705,PARALLEL_PARK,FORWARD
PARALLEL_1_BYPASS,PARALLEL,1,23,derived_parallel_revision,,-13.5339,-36.2046,PARALLEL_PARK,FORWARD
PARALLEL_1_BYPASS,PARALLEL,1,24,derived_parallel_revision,,-13.6776,-35.9412,PARALLEL_PARK,FORWARD
PARALLEL_1_BYPASS,PARALLEL,1,25,derived_parallel_revision,,-13.8258,-35.6804,PARALLEL_PARK,FORWARD
PARALLEL_1_BYPASS,PARALLEL,1,26,derived_parallel_revision,,-13.9785,-35.4222,PARALLEL_PARK,FORWARD
PARALLEL_1_BYPASS,PARALLEL,1,27,derived_parallel_revision,,-14.1353,-35.1664,PARALLEL_PARK,FORWARD
PARALLEL_1_BYPASS,PARALLEL,1,28,derived_parallel_revision,,-14.2960,-34.9131,PARALLEL_PARK,FORWARD
PARALLEL_1_BYPASS,PARALLEL,1,29,derived_parallel_revision,,-14.4605,-34.6622,PARALLEL_PARK,FORWARD
PARALLEL_1_BYPASS,PARALLEL,1,30,derived_parallel_revision,,-14.6286,-34.4137,PARALLEL_PARK,FORWARD
PARALLEL_1_BYPASS,PARALLEL,1,31,derived_parallel_revision,,-14.8001,-34.1676,PARALLEL_PARK,FORWARD
PARALLEL_1_BYPASS,PARALLEL,1,32,derived_parallel_revision,,-14.9750,-33.9239,PARALLEL_PARK,FORWARD
PARALLEL_1_BYPASS,PARALLEL,1,33,derived_parallel_revision,,-15.1531,-33.6824,PARALLEL_PARK,FORWARD
PARALLEL_1_BYPASS,PARALLEL,1,34,derived_parallel_revision,,-15.3342,-33.4433,PARALLEL_PARK,FORWARD
PARALLEL_1_BYPASS,PARALLEL,1,35,derived_parallel_revision,,-15.5184,-33.2065,PARALLEL_PARK,FORWARD
PARALLEL_1_BYPASS,PARALLEL,1,36,derived_parallel_revision,,-15.7055,-32.9720,PARALLEL_PARK,FORWARD
PARALLEL_1_BYPASS,PARALLEL,1,37,derived_parallel_revision,,-15.8954,-32.7398,PARALLEL_PARK,FORWARD
PARALLEL_1_BYPASS,PARALLEL,1,38,derived_parallel_revision,,-16.0881,-32.5098,PARALLEL_PARK,FORWARD
PARALLEL_1_BYPASS,PARALLEL,1,39,derived_parallel_revision,,-16.2834,-32.2821,PARALLEL_PARK,FORWARD
PARALLEL_1_BYPASS,PARALLEL,1,40,derived_parallel_revision,,-16.4814,-32.0567,PARALLEL_PARK,FORWARD
PARALLEL_1_BYPASS,PARALLEL,1,41,derived_parallel_revision,,-16.6820,-31.8336,PARALLEL_PARK,FORWARD
PARALLEL_1_BYPASS,PARALLEL,1,42,derived_parallel_revision,,-16.8851,-31.6128,PARALLEL_PARK,FORWARD
PARALLEL_1_BYPASS,PARALLEL,1,43,derived_parallel_revision,,-17.0907,-31.3944,PARALLEL_PARK,FORWARD
PARALLEL_1_BYPASS,PARALLEL,1,44,derived_parallel_revision,,-17.2987,-31.1782,PARALLEL_PARK,FORWARD
PARALLEL_1_BYPASS,PARALLEL,1,45,derived_parallel_revision,,-17.5092,-30.9645,PARALLEL_PARK,FORWARD
PARALLEL_1_BYPASS,PARALLEL,1,46,derived_parallel_revision,,-17.7221,-30.7531,PARALLEL_PARK,FORWARD
PARALLEL_1_BYPASS,PARALLEL,1,47,derived_parallel_revision,,-17.9373,-30.5441,PARALLEL_PARK,FORWARD
PARALLEL_1_BYPASS,PARALLEL,1,48,derived_parallel_revision,,-18.1549,-30.3376,PARALLEL_PARK,FORWARD
PARALLEL_1_BYPASS,PARALLEL,1,49,derived_parallel_revision,,-18.3749,-30.1336,PARALLEL_PARK,FORWARD
PARALLEL_1_BYPASS,PARALLEL,1,50,derived_parallel_revision,,-18.5972,-29.9321,PARALLEL_PARK,FORWARD
PARALLEL_1_BYPASS,PARALLEL,1,51,derived_parallel_revision,,-18.8218,-29.7333,PARALLEL_PARK,FORWARD
PARALLEL_1_BYPASS,PARALLEL,1,52,derived_parallel_revision,,-19.0488,-29.5371,PARALLEL_PARK,FORWARD
PARALLEL_1_BYPASS,PARALLEL,1,53,derived_parallel_revision,,-19.2781,-29.3437,PARALLEL_PARK,FORWARD
PARALLEL_1_BYPASS,PARALLEL,1,54,derived_parallel_revision,,-19.5097,-29.1531,PARALLEL_PARK,FORWARD
PARALLEL_1_BYPASS,PARALLEL,1,55,derived_parallel_revision,,-19.7438,-28.9654,PARALLEL_PARK,FORWARD
PARALLEL_1_BYPASS,PARALLEL,1,56,derived_parallel_revision,,-19.9802,-28.7807,PARALLEL_PARK,FORWARD
PARALLEL_1_BYPASS,PARALLEL,1,57,derived_parallel_revision,,-20.2190,-28.5991,PARALLEL_PARK,FORWARD
PARALLEL_1_BYPASS,PARALLEL,1,58,derived_parallel_revision,,-20.4602,-28.4207,PARALLEL_PARK,FORWARD
PARALLEL_1_BYPASS,PARALLEL,1,59,derived_parallel_revision,,-20.7039,-28.2458,PARALLEL_PARK,FORWARD
PARALLEL_1_BYPASS,PARALLEL,1,60,derived_parallel_revision,,-20.9500,-28.0743,PARALLEL_PARK,FORWARD
PARALLEL_1_BYPASS,PARALLEL,1,61,derived_parallel_revision,,-21.1987,-27.9065,PARALLEL_PARK,FORWARD
PARALLEL_1_BYPASS,PARALLEL,1,62,derived_parallel_revision,,-21.4500,-27.7426,PARALLEL_PARK,FORWARD
PARALLEL_1_BYPASS,PARALLEL,1,63,derived_parallel_revision,,-21.7039,-27.5828,PARALLEL_PARK,FORWARD
PARALLEL_1_BYPASS,PARALLEL,1,64,derived_parallel_revision,,-21.9604,-27.4272,PARALLEL_PARK,FORWARD
PARALLEL_1_BYPASS,PARALLEL,1,65,derived_parallel_revision,,-22.2196,-27.2763,PARALLEL_PARK,FORWARD
PARALLEL_1_BYPASS,PARALLEL,1,66,derived_parallel_revision,,-22.4817,-27.1302,PARALLEL_PARK,FORWARD
PARALLEL_1_BYPASS,PARALLEL,1,67,derived_parallel_revision,,-22.7465,-26.9893,PARALLEL_PARK,FORWARD
PARALLEL_1_BYPASS,PARALLEL,1,68,derived_parallel_revision,,-23.0142,-26.8539,PARALLEL_PARK,FORWARD
PARALLEL_1_BYPASS,PARALLEL,1,69,derived_parallel_revision,,-23.2849,-26.7246,PARALLEL_PARK,FORWARD
PARALLEL_1_BYPASS,PARALLEL,1,70,derived_parallel_revision,,-23.5586,-26.6018,PARALLEL_PARK,FORWARD
PARALLEL_1_BYPASS,PARALLEL,1,71,derived_parallel_revision,,-23.8353,-26.4860,PARALLEL_PARK,FORWARD
PARALLEL_1_BYPASS,PARALLEL,1,72,derived_parallel_revision,,-24.1152,-26.3778,PARALLEL_PARK,FORWARD
PARALLEL_1_BYPASS,PARALLEL,1,73,derived_parallel_revision,,-24.3981,-26.2781,PARALLEL_PARK,FORWARD
PARALLEL_1_BYPASS,PARALLEL,1,74,derived_parallel_revision,,-24.6841,-26.1877,PARALLEL_PARK,FORWARD
PARALLEL_1_BYPASS,PARALLEL,1,75,derived_parallel_revision,,-24.9732,-26.1076,PARALLEL_PARK,FORWARD
PARALLEL_1_BYPASS,PARALLEL,1,76,derived_parallel_revision,,-25.2652,-26.0388,PARALLEL_PARK,FORWARD
PARALLEL_1_BYPASS,PARALLEL,1,77,derived_parallel_revision,,-25.5599,-25.9828,PARALLEL_PARK,FORWARD
PARALLEL_1_BYPASS,PARALLEL,1,78,derived_parallel_revision,,-25.8569,-25.9410,PARALLEL_PARK,FORWARD
PARALLEL_1_REVERSE,PARALLEL,1,0,derived_parallel_revision,,-26.0592,-25.9216,PARALLEL_PARK,REVERSE
PARALLEL_1_REVERSE,PARALLEL,1,1,derived_parallel_revision,,-25.8941,-25.9342,PARALLEL_PARK,REVERSE
PARALLEL_1_REVERSE,PARALLEL,1,2,derived_parallel_revision,,-25.5948,-25.9545,PARALLEL_PARK,REVERSE
PARALLEL_1_REVERSE,PARALLEL,1,3,derived_parallel_revision,,-25.2951,-25.9682,PARALLEL_PARK,REVERSE
PARALLEL_1_REVERSE,PARALLEL,1,4,derived_parallel_revision,,-24.9951,-25.9731,PARALLEL_PARK,REVERSE
PARALLEL_1_REVERSE,PARALLEL,1,5,derived_parallel_revision,,-24.6952,-25.9679,PARALLEL_PARK,REVERSE
PARALLEL_1_REVERSE,PARALLEL,1,6,derived_parallel_revision,,-24.3956,-25.9520,PARALLEL_PARK,REVERSE
PARALLEL_1_REVERSE,PARALLEL,1,7,derived_parallel_revision,,-24.0969,-25.9250,PARALLEL_PARK,REVERSE
PARALLEL_1_REVERSE,PARALLEL,1,8,derived_parallel_revision,,-23.7993,-25.8870,PARALLEL_PARK,REVERSE
PARALLEL_1_REVERSE,PARALLEL,1,9,derived_parallel_revision,,-23.5033,-25.8381,PARALLEL_PARK,REVERSE
PARALLEL_1_REVERSE,PARALLEL,1,10,derived_parallel_revision,,-23.2093,-25.7785,PARALLEL_PARK,REVERSE
PARALLEL_1_REVERSE,PARALLEL,1,11,derived_parallel_revision,,-22.9176,-25.7085,PARALLEL_PARK,REVERSE
PARALLEL_1_REVERSE,PARALLEL,1,12,derived_parallel_revision,,-22.6284,-25.6288,PARALLEL_PARK,REVERSE
PARALLEL_1_REVERSE,PARALLEL,1,13,derived_parallel_revision,,-22.3419,-25.5399,PARALLEL_PARK,REVERSE
PARALLEL_1_REVERSE,PARALLEL,1,14,derived_parallel_revision,,-22.0581,-25.4426,PARALLEL_PARK,REVERSE
PARALLEL_1_REVERSE,PARALLEL,1,15,derived_parallel_revision,,-21.7770,-25.3379,PARALLEL_PARK,REVERSE
PARALLEL_1_REVERSE,PARALLEL,1,16,derived_parallel_revision,,-21.4984,-25.2267,PARALLEL_PARK,REVERSE
PARALLEL_1_REVERSE,PARALLEL,1,17,derived_parallel_revision,,-21.2219,-25.1103,PARALLEL_PARK,REVERSE
PARALLEL_1_REVERSE,PARALLEL,1,18,derived_parallel_revision,,-20.9471,-24.9899,PARALLEL_PARK,REVERSE
PARALLEL_1_REVERSE,PARALLEL,1,19,derived_parallel_revision,,-20.6735,-24.8669,PARALLEL_PARK,REVERSE
PARALLEL_1_REVERSE,PARALLEL,1,20,derived_parallel_revision,,-20.4003,-24.7429,PARALLEL_PARK,REVERSE
PARALLEL_1_REVERSE,PARALLEL,1,21,derived_parallel_revision,,-20.1267,-24.6198,PARALLEL_PARK,REVERSE
PARALLEL_1_REVERSE,PARALLEL,1,22,derived_parallel_revision,,-19.8519,-24.4995,PARALLEL_PARK,REVERSE
PARALLEL_1_REVERSE,PARALLEL,1,23,derived_parallel_revision,,-19.5747,-24.3849,PARALLEL_PARK,REVERSE
PARALLEL_1_REVERSE,PARALLEL,1,24,derived_parallel_revision,,-19.2939,-24.2792,PARALLEL_PARK,REVERSE
PARALLEL_1_REVERSE,PARALLEL,1,25,derived_parallel_revision,,-19.0085,-24.1868,PARALLEL_PARK,REVERSE
PARALLEL_1_REVERSE,PARALLEL,1,26,derived_parallel_revision,,-18.7178,-24.1133,PARALLEL_PARK,REVERSE
PARALLEL_1_REVERSE,PARALLEL,1,27,derived_parallel_revision,,-18.4217,-24.0659,PARALLEL_PARK,REVERSE
PARALLEL_1_REVERSE,PARALLEL,1,28,derived_parallel_revision,,-18.1222,-24.0528,PARALLEL_PARK,REVERSE
PARALLEL_1_REVERSE,PARALLEL,1,29,derived_parallel_revision,,-17.8238,-24.0811,PARALLEL_PARK,REVERSE
PARALLEL_1_REVERSE,PARALLEL,1,30,derived_parallel_revision,,-17.5327,-24.1526,PARALLEL_PARK,REVERSE
PARALLEL_1_REVERSE,PARALLEL,1,31,derived_parallel_revision,,-17.2532,-24.2613,PARALLEL_PARK,REVERSE
PARALLEL_1_REVERSE,PARALLEL,1,32,derived_parallel_revision,,-16.9844,-24.3943,PARALLEL_PARK,REVERSE
PARALLEL_1_REVERSE,PARALLEL,1,33,derived_parallel_revision,,-16.7194,-24.5350,PARALLEL_PARK,REVERSE
PARALLEL_1_REVERSE,PARALLEL,1,34,derived_parallel_revision,,-16.4545,-24.6758,PARALLEL_PARK,REVERSE
PARALLEL_1_REVERSE,PARALLEL,1,35,derived_parallel_revision,,-16.1896,-24.8166,PARALLEL_PARK,REVERSE
PARALLEL_1_REVERSE,PARALLEL,1,36,derived_parallel_revision,,-15.9247,-24.9574,PARALLEL_PARK,REVERSE
PARALLEL_1_EXIT,PARALLEL,1,0,derived_parallel_revision,,-15.6598,-25.0982,PARALLEL_PARK,FORWARD
PARALLEL_1_EXIT,PARALLEL,1,1,derived_parallel_revision,,-15.9247,-24.9574,PARALLEL_PARK,FORWARD
PARALLEL_1_EXIT,PARALLEL,1,2,derived_parallel_revision,,-16.1896,-24.8166,PARALLEL_PARK,FORWARD
PARALLEL_1_EXIT,PARALLEL,1,3,derived_parallel_revision,,-16.4545,-24.6758,PARALLEL_PARK,FORWARD
PARALLEL_1_EXIT,PARALLEL,1,4,derived_parallel_revision,,-16.7194,-24.5350,PARALLEL_PARK,FORWARD
PARALLEL_1_EXIT,PARALLEL,1,5,derived_parallel_revision,,-16.9844,-24.3943,PARALLEL_PARK,FORWARD
PARALLEL_1_EXIT,PARALLEL,1,6,derived_parallel_revision,,-17.2532,-24.2613,PARALLEL_PARK,FORWARD
PARALLEL_1_EXIT,PARALLEL,1,7,derived_parallel_revision,,-17.5327,-24.1526,PARALLEL_PARK,FORWARD
PARALLEL_1_EXIT,PARALLEL,1,8,derived_parallel_revision,,-17.8238,-24.0811,PARALLEL_PARK,FORWARD
PARALLEL_1_EXIT,PARALLEL,1,9,derived_parallel_revision,,-18.1222,-24.0528,PARALLEL_PARK,FORWARD
PARALLEL_1_EXIT,PARALLEL,1,10,derived_parallel_revision,,-18.4217,-24.0659,PARALLEL_PARK,FORWARD
PARALLEL_1_EXIT,PARALLEL,1,11,derived_parallel_revision,,-18.7178,-24.1133,PARALLEL_PARK,FORWARD
PARALLEL_1_EXIT,PARALLEL,1,12,derived_parallel_revision,,-19.0085,-24.1868,PARALLEL_PARK,FORWARD
PARALLEL_1_EXIT,PARALLEL,1,13,derived_parallel_revision,,-19.2939,-24.2792,PARALLEL_PARK,FORWARD
PARALLEL_1_EXIT,PARALLEL,1,14,derived_parallel_revision,,-19.5747,-24.3849,PARALLEL_PARK,FORWARD
PARALLEL_1_EXIT,PARALLEL,1,15,derived_parallel_revision,,-19.8519,-24.4995,PARALLEL_PARK,FORWARD
PARALLEL_1_EXIT,PARALLEL,1,16,derived_parallel_revision,,-20.1267,-24.6198,PARALLEL_PARK,FORWARD
PARALLEL_1_EXIT,PARALLEL,1,17,derived_parallel_revision,,-20.4003,-24.7429,PARALLEL_PARK,FORWARD
PARALLEL_1_EXIT,PARALLEL,1,18,derived_parallel_revision,,-20.6735,-24.8669,PARALLEL_PARK,FORWARD
PARALLEL_1_EXIT,PARALLEL,1,19,derived_parallel_revision,,-20.9471,-24.9899,PARALLEL_PARK,FORWARD
PARALLEL_1_EXIT,PARALLEL,1,20,derived_parallel_revision,,-21.2219,-25.1103,PARALLEL_PARK,FORWARD
PARALLEL_1_EXIT,PARALLEL,1,21,derived_parallel_revision,,-21.4984,-25.2267,PARALLEL_PARK,FORWARD
PARALLEL_1_EXIT,PARALLEL,1,22,derived_parallel_revision,,-21.7770,-25.3379,PARALLEL_PARK,FORWARD
PARALLEL_1_EXIT,PARALLEL,1,23,derived_parallel_revision,,-22.0581,-25.4426,PARALLEL_PARK,FORWARD
PARALLEL_1_EXIT,PARALLEL,1,24,derived_parallel_revision,,-22.3419,-25.5399,PARALLEL_PARK,FORWARD
PARALLEL_1_EXIT,PARALLEL,1,25,derived_parallel_revision,,-22.6284,-25.6288,PARALLEL_PARK,FORWARD
PARALLEL_1_EXIT,PARALLEL,1,26,derived_parallel_revision,,-22.9176,-25.7085,PARALLEL_PARK,FORWARD
PARALLEL_1_EXIT,PARALLEL,1,27,derived_parallel_revision,,-23.2093,-25.7785,PARALLEL_PARK,FORWARD
PARALLEL_1_EXIT,PARALLEL,1,28,derived_parallel_revision,,-23.5033,-25.8381,PARALLEL_PARK,FORWARD
PARALLEL_1_EXIT,PARALLEL,1,29,derived_parallel_revision,,-23.7993,-25.8870,PARALLEL_PARK,FORWARD
PARALLEL_1_EXIT,PARALLEL,1,30,derived_parallel_revision,,-24.0969,-25.9250,PARALLEL_PARK,FORWARD
PARALLEL_1_EXIT,PARALLEL,1,31,derived_parallel_revision,,-24.3956,-25.9520,PARALLEL_PARK,FORWARD
PARALLEL_1_EXIT,PARALLEL,1,32,derived_parallel_revision,,-24.6952,-25.9679,PARALLEL_PARK,FORWARD
PARALLEL_1_EXIT,PARALLEL,1,33,derived_parallel_revision,,-24.9951,-25.9731,PARALLEL_PARK,FORWARD
PARALLEL_1_EXIT,PARALLEL,1,34,derived_parallel_revision,,-25.2951,-25.9682,PARALLEL_PARK,FORWARD
PARALLEL_1_EXIT,PARALLEL,1,35,derived_parallel_revision,,-25.5948,-25.9545,PARALLEL_PARK,FORWARD
PARALLEL_1_EXIT,PARALLEL,1,36,derived_parallel_revision,,-25.8941,-25.9342,PARALLEL_PARK,FORWARD
PARALLEL_1_EXIT,PARALLEL,1,37,derived_parallel_revision,,-26.0592,-25.9216,PARALLEL_PARK,FORWARD
PARALLEL_2_BYPASS,PARALLEL,2,0,derived_parallel_revision,,-12.7423,-42.7765,PARALLEL_PARK,FORWARD
PARALLEL_2_BYPASS,PARALLEL,2,1,derived_parallel_revision,,-12.6037,-42.5105,PARALLEL_PARK,FORWARD
PARALLEL_2_BYPASS,PARALLEL,2,2,derived_parallel_revision,,-12.4867,-42.2344,PARALLEL_PARK,FORWARD
PARALLEL_2_BYPASS,PARALLEL,2,3,derived_parallel_revision,,-12.3913,-41.9500,PARALLEL_PARK,FORWARD
PARALLEL_2_BYPASS,PARALLEL,2,4,derived_parallel_revision,,-12.3173,-41.6594,PARALLEL_PARK,FORWARD
PARALLEL_2_BYPASS,PARALLEL,2,5,derived_parallel_revision,,-12.2637,-41.3642,PARALLEL_PARK,FORWARD
PARALLEL_2_BYPASS,PARALLEL,2,6,derived_parallel_revision,,-12.2295,-41.0662,PARALLEL_PARK,FORWARD
PARALLEL_2_BYPASS,PARALLEL,2,7,derived_parallel_revision,,-12.2136,-40.7667,PARALLEL_PARK,FORWARD
PARALLEL_2_BYPASS,PARALLEL,2,8,derived_parallel_revision,,-12.2144,-40.4668,PARALLEL_PARK,FORWARD
PARALLEL_2_BYPASS,PARALLEL,2,9,derived_parallel_revision,,-12.2308,-40.1672,PARALLEL_PARK,FORWARD
PARALLEL_2_BYPASS,PARALLEL,2,10,derived_parallel_revision,,-12.2614,-39.8688,PARALLEL_PARK,FORWARD
PARALLEL_2_BYPASS,PARALLEL,2,11,derived_parallel_revision,,-12.3050,-39.5720,PARALLEL_PARK,FORWARD
PARALLEL_2_BYPASS,PARALLEL,2,12,derived_parallel_revision,,-12.3606,-39.2772,PARALLEL_PARK,FORWARD
PARALLEL_2_BYPASS,PARALLEL,2,13,derived_parallel_revision,,-12.4271,-38.9847,PARALLEL_PARK,FORWARD
PARALLEL_2_BYPASS,PARALLEL,2,14,derived_parallel_revision,,-12.5036,-38.6947,PARALLEL_PARK,FORWARD
PARALLEL_2_BYPASS,PARALLEL,2,15,derived_parallel_revision,,-12.5893,-38.4072,PARALLEL_PARK,FORWARD
PARALLEL_2_BYPASS,PARALLEL,2,16,derived_parallel_revision,,-12.6835,-38.1224,PARALLEL_PARK,FORWARD
PARALLEL_2_BYPASS,PARALLEL,2,17,derived_parallel_revision,,-12.7856,-37.8403,PARALLEL_PARK,FORWARD
PARALLEL_2_BYPASS,PARALLEL,2,18,derived_parallel_revision,,-12.8949,-37.5609,PARALLEL_PARK,FORWARD
PARALLEL_2_BYPASS,PARALLEL,2,19,derived_parallel_revision,,-13.0109,-37.2842,PARALLEL_PARK,FORWARD
PARALLEL_2_BYPASS,PARALLEL,2,20,derived_parallel_revision,,-13.1332,-37.0103,PARALLEL_PARK,FORWARD
PARALLEL_2_BYPASS,PARALLEL,2,21,derived_parallel_revision,,-13.2614,-36.7391,PARALLEL_PARK,FORWARD
PARALLEL_2_BYPASS,PARALLEL,2,22,derived_parallel_revision,,-13.3950,-36.4705,PARALLEL_PARK,FORWARD
PARALLEL_2_BYPASS,PARALLEL,2,23,derived_parallel_revision,,-13.5339,-36.2046,PARALLEL_PARK,FORWARD
PARALLEL_2_BYPASS,PARALLEL,2,24,derived_parallel_revision,,-13.6776,-35.9412,PARALLEL_PARK,FORWARD
PARALLEL_2_BYPASS,PARALLEL,2,25,derived_parallel_revision,,-13.8258,-35.6804,PARALLEL_PARK,FORWARD
PARALLEL_2_BYPASS,PARALLEL,2,26,derived_parallel_revision,,-13.9785,-35.4222,PARALLEL_PARK,FORWARD
PARALLEL_2_BYPASS,PARALLEL,2,27,derived_parallel_revision,,-14.1353,-35.1664,PARALLEL_PARK,FORWARD
PARALLEL_2_BYPASS,PARALLEL,2,28,derived_parallel_revision,,-14.2960,-34.9131,PARALLEL_PARK,FORWARD
PARALLEL_2_BYPASS,PARALLEL,2,29,derived_parallel_revision,,-14.4605,-34.6622,PARALLEL_PARK,FORWARD
PARALLEL_2_BYPASS,PARALLEL,2,30,derived_parallel_revision,,-14.6286,-34.4137,PARALLEL_PARK,FORWARD
PARALLEL_2_BYPASS,PARALLEL,2,31,derived_parallel_revision,,-14.8001,-34.1676,PARALLEL_PARK,FORWARD
PARALLEL_2_BYPASS,PARALLEL,2,32,derived_parallel_revision,,-14.9750,-33.9239,PARALLEL_PARK,FORWARD
PARALLEL_2_BYPASS,PARALLEL,2,33,derived_parallel_revision,,-15.1531,-33.6824,PARALLEL_PARK,FORWARD
PARALLEL_2_BYPASS,PARALLEL,2,34,derived_parallel_revision,,-15.3342,-33.4433,PARALLEL_PARK,FORWARD
PARALLEL_2_BYPASS,PARALLEL,2,35,derived_parallel_revision,,-15.5184,-33.2065,PARALLEL_PARK,FORWARD
PARALLEL_2_BYPASS,PARALLEL,2,36,derived_parallel_revision,,-15.7055,-32.9720,PARALLEL_PARK,FORWARD
PARALLEL_2_BYPASS,PARALLEL,2,37,derived_parallel_revision,,-15.8954,-32.7398,PARALLEL_PARK,FORWARD
PARALLEL_2_BYPASS,PARALLEL,2,38,derived_parallel_revision,,-16.0881,-32.5098,PARALLEL_PARK,FORWARD
PARALLEL_2_BYPASS,PARALLEL,2,39,derived_parallel_revision,,-16.2834,-32.2821,PARALLEL_PARK,FORWARD
PARALLEL_2_BYPASS,PARALLEL,2,40,derived_parallel_revision,,-16.4814,-32.0567,PARALLEL_PARK,FORWARD
PARALLEL_2_BYPASS,PARALLEL,2,41,derived_parallel_revision,,-16.6820,-31.8336,PARALLEL_PARK,FORWARD
PARALLEL_2_BYPASS,PARALLEL,2,42,derived_parallel_revision,,-16.8851,-31.6128,PARALLEL_PARK,FORWARD
PARALLEL_2_BYPASS,PARALLEL,2,43,derived_parallel_revision,,-17.0907,-31.3944,PARALLEL_PARK,FORWARD
PARALLEL_2_BYPASS,PARALLEL,2,44,derived_parallel_revision,,-17.2987,-31.1782,PARALLEL_PARK,FORWARD
PARALLEL_2_BYPASS,PARALLEL,2,45,derived_parallel_revision,,-17.5092,-30.9645,PARALLEL_PARK,FORWARD
PARALLEL_2_BYPASS,PARALLEL,2,46,derived_parallel_revision,,-17.7221,-30.7531,PARALLEL_PARK,FORWARD
PARALLEL_2_BYPASS,PARALLEL,2,47,derived_parallel_revision,,-17.9373,-30.5441,PARALLEL_PARK,FORWARD
PARALLEL_2_BYPASS,PARALLEL,2,48,derived_parallel_revision,,-18.1549,-30.3376,PARALLEL_PARK,FORWARD
PARALLEL_2_BYPASS,PARALLEL,2,49,derived_parallel_revision,,-18.3749,-30.1336,PARALLEL_PARK,FORWARD
PARALLEL_2_BYPASS,PARALLEL,2,50,derived_parallel_revision,,-18.5972,-29.9321,PARALLEL_PARK,FORWARD
PARALLEL_2_BYPASS,PARALLEL,2,51,derived_parallel_revision,,-18.8218,-29.7333,PARALLEL_PARK,FORWARD
PARALLEL_2_BYPASS,PARALLEL,2,52,derived_parallel_revision,,-19.0488,-29.5371,PARALLEL_PARK,FORWARD
PARALLEL_2_BYPASS,PARALLEL,2,53,derived_parallel_revision,,-19.2781,-29.3437,PARALLEL_PARK,FORWARD
PARALLEL_2_BYPASS,PARALLEL,2,54,derived_parallel_revision,,-19.5097,-29.1531,PARALLEL_PARK,FORWARD
PARALLEL_2_BYPASS,PARALLEL,2,55,derived_parallel_revision,,-19.7438,-28.9654,PARALLEL_PARK,FORWARD
PARALLEL_2_BYPASS,PARALLEL,2,56,derived_parallel_revision,,-19.9802,-28.7807,PARALLEL_PARK,FORWARD
PARALLEL_2_BYPASS,PARALLEL,2,57,derived_parallel_revision,,-20.2190,-28.5991,PARALLEL_PARK,FORWARD
PARALLEL_2_BYPASS,PARALLEL,2,58,derived_parallel_revision,,-20.4602,-28.4207,PARALLEL_PARK,FORWARD
PARALLEL_2_BYPASS,PARALLEL,2,59,derived_parallel_revision,,-20.7039,-28.2458,PARALLEL_PARK,FORWARD
PARALLEL_2_BYPASS,PARALLEL,2,60,derived_parallel_revision,,-20.9500,-28.0743,PARALLEL_PARK,FORWARD
PARALLEL_2_REVERSE,PARALLEL,2,0,derived_parallel_revision,,-21.0450,-28.0102,PARALLEL_PARK,REVERSE
PARALLEL_2_REVERSE,PARALLEL,2,1,derived_parallel_revision,,-20.8799,-28.0229,PARALLEL_PARK,REVERSE
PARALLEL_2_REVERSE,PARALLEL,2,2,derived_parallel_revision,,-20.5806,-28.0431,PARALLEL_PARK,REVERSE
PARALLEL_2_REVERSE,PARALLEL,2,3,derived_parallel_revision,,-20.2809,-28.0568,PARALLEL_PARK,REVERSE
PARALLEL_2_REVERSE,PARALLEL,2,4,derived_parallel_revision,,-19.9810,-28.0617,PARALLEL_PARK,REVERSE
PARALLEL_2_REVERSE,PARALLEL,2,5,derived_parallel_revision,,-19.6810,-28.0565,PARALLEL_PARK,REVERSE
PARALLEL_2_REVERSE,PARALLEL,2,6,derived_parallel_revision,,-19.3815,-28.0406,PARALLEL_PARK,REVERSE
PARALLEL_2_REVERSE,PARALLEL,2,7,derived_parallel_revision,,-19.0827,-28.0136,PARALLEL_PARK,REVERSE
PARALLEL_2_REVERSE,PARALLEL,2,8,derived_parallel_revision,,-18.7851,-27.9756,PARALLEL_PARK,REVERSE
PARALLEL_2_REVERSE,PARALLEL,2,9,derived_parallel_revision,,-18.4892,-27.9267,PARALLEL_PARK,REVERSE
PARALLEL_2_REVERSE,PARALLEL,2,10,derived_parallel_revision,,-18.1952,-27.8671,PARALLEL_PARK,REVERSE
PARALLEL_2_REVERSE,PARALLEL,2,11,derived_parallel_revision,,-17.9035,-27.7971,PARALLEL_PARK,REVERSE
PARALLEL_2_REVERSE,PARALLEL,2,12,derived_parallel_revision,,-17.6143,-27.7174,PARALLEL_PARK,REVERSE
PARALLEL_2_REVERSE,PARALLEL,2,13,derived_parallel_revision,,-17.3277,-27.6285,PARALLEL_PARK,REVERSE
PARALLEL_2_REVERSE,PARALLEL,2,14,derived_parallel_revision,,-17.0440,-27.5312,PARALLEL_PARK,REVERSE
PARALLEL_2_REVERSE,PARALLEL,2,15,derived_parallel_revision,,-16.7628,-27.4265,PARALLEL_PARK,REVERSE
PARALLEL_2_REVERSE,PARALLEL,2,16,derived_parallel_revision,,-16.4842,-27.3153,PARALLEL_PARK,REVERSE
PARALLEL_2_REVERSE,PARALLEL,2,17,derived_parallel_revision,,-16.2077,-27.1989,PARALLEL_PARK,REVERSE
PARALLEL_2_REVERSE,PARALLEL,2,18,derived_parallel_revision,,-15.9329,-27.0785,PARALLEL_PARK,REVERSE
PARALLEL_2_REVERSE,PARALLEL,2,19,derived_parallel_revision,,-15.6593,-26.9555,PARALLEL_PARK,REVERSE
PARALLEL_2_REVERSE,PARALLEL,2,20,derived_parallel_revision,,-15.3861,-26.8315,PARALLEL_PARK,REVERSE
PARALLEL_2_REVERSE,PARALLEL,2,21,derived_parallel_revision,,-15.1126,-26.7084,PARALLEL_PARK,REVERSE
PARALLEL_2_REVERSE,PARALLEL,2,22,derived_parallel_revision,,-14.8377,-26.5882,PARALLEL_PARK,REVERSE
PARALLEL_2_REVERSE,PARALLEL,2,23,derived_parallel_revision,,-14.5605,-26.4735,PARALLEL_PARK,REVERSE
PARALLEL_2_REVERSE,PARALLEL,2,24,derived_parallel_revision,,-14.2798,-26.3678,PARALLEL_PARK,REVERSE
PARALLEL_2_REVERSE,PARALLEL,2,25,derived_parallel_revision,,-13.9944,-26.2754,PARALLEL_PARK,REVERSE
PARALLEL_2_REVERSE,PARALLEL,2,26,derived_parallel_revision,,-13.7036,-26.2019,PARALLEL_PARK,REVERSE
PARALLEL_2_REVERSE,PARALLEL,2,27,derived_parallel_revision,,-13.4075,-26.1545,PARALLEL_PARK,REVERSE
PARALLEL_2_REVERSE,PARALLEL,2,28,derived_parallel_revision,,-13.1080,-26.1414,PARALLEL_PARK,REVERSE
PARALLEL_2_REVERSE,PARALLEL,2,29,derived_parallel_revision,,-12.8096,-26.1697,PARALLEL_PARK,REVERSE
PARALLEL_2_REVERSE,PARALLEL,2,30,derived_parallel_revision,,-12.5185,-26.2412,PARALLEL_PARK,REVERSE
PARALLEL_2_REVERSE,PARALLEL,2,31,derived_parallel_revision,,-12.2391,-26.3499,PARALLEL_PARK,REVERSE
PARALLEL_2_REVERSE,PARALLEL,2,32,derived_parallel_revision,,-11.9702,-26.4829,PARALLEL_PARK,REVERSE
PARALLEL_2_REVERSE,PARALLEL,2,33,derived_parallel_revision,,-11.7052,-26.6236,PARALLEL_PARK,REVERSE
PARALLEL_2_REVERSE,PARALLEL,2,34,derived_parallel_revision,,-11.4403,-26.7644,PARALLEL_PARK,REVERSE
PARALLEL_2_REVERSE,PARALLEL,2,35,derived_parallel_revision,,-11.1754,-26.9052,PARALLEL_PARK,REVERSE
PARALLEL_2_REVERSE,PARALLEL,2,36,derived_parallel_revision,,-10.9105,-27.0460,PARALLEL_PARK,REVERSE
PARALLEL_2_EXIT,PARALLEL,2,0,derived_parallel_revision,,-10.6456,-27.1868,PARALLEL_PARK,FORWARD
PARALLEL_2_EXIT,PARALLEL,2,1,derived_parallel_revision,,-10.9105,-27.0460,PARALLEL_PARK,FORWARD
PARALLEL_2_EXIT,PARALLEL,2,2,derived_parallel_revision,,-11.1754,-26.9052,PARALLEL_PARK,FORWARD
PARALLEL_2_EXIT,PARALLEL,2,3,derived_parallel_revision,,-11.4403,-26.7644,PARALLEL_PARK,FORWARD
PARALLEL_2_EXIT,PARALLEL,2,4,derived_parallel_revision,,-11.7052,-26.6236,PARALLEL_PARK,FORWARD
PARALLEL_2_EXIT,PARALLEL,2,5,derived_parallel_revision,,-11.9702,-26.4829,PARALLEL_PARK,FORWARD
PARALLEL_2_EXIT,PARALLEL,2,6,derived_parallel_revision,,-12.2391,-26.3499,PARALLEL_PARK,FORWARD
PARALLEL_2_EXIT,PARALLEL,2,7,derived_parallel_revision,,-12.5185,-26.2412,PARALLEL_PARK,FORWARD
PARALLEL_2_EXIT,PARALLEL,2,8,derived_parallel_revision,,-12.8096,-26.1697,PARALLEL_PARK,FORWARD
PARALLEL_2_EXIT,PARALLEL,2,9,derived_parallel_revision,,-13.1080,-26.1414,PARALLEL_PARK,FORWARD
PARALLEL_2_EXIT,PARALLEL,2,10,derived_parallel_revision,,-13.4075,-26.1545,PARALLEL_PARK,FORWARD
PARALLEL_2_EXIT,PARALLEL,2,11,derived_parallel_revision,,-13.7036,-26.2019,PARALLEL_PARK,FORWARD
PARALLEL_2_EXIT,PARALLEL,2,12,derived_parallel_revision,,-13.9944,-26.2754,PARALLEL_PARK,FORWARD
PARALLEL_2_EXIT,PARALLEL,2,13,derived_parallel_revision,,-14.2798,-26.3678,PARALLEL_PARK,FORWARD
PARALLEL_2_EXIT,PARALLEL,2,14,derived_parallel_revision,,-14.5605,-26.4735,PARALLEL_PARK,FORWARD
PARALLEL_2_EXIT,PARALLEL,2,15,derived_parallel_revision,,-14.8377,-26.5882,PARALLEL_PARK,FORWARD
PARALLEL_2_EXIT,PARALLEL,2,16,derived_parallel_revision,,-15.1126,-26.7084,PARALLEL_PARK,FORWARD
PARALLEL_2_EXIT,PARALLEL,2,17,derived_parallel_revision,,-15.3861,-26.8315,PARALLEL_PARK,FORWARD
PARALLEL_2_EXIT,PARALLEL,2,18,derived_parallel_revision,,-15.6593,-26.9555,PARALLEL_PARK,FORWARD
PARALLEL_2_EXIT,PARALLEL,2,19,derived_parallel_revision,,-15.9329,-27.0785,PARALLEL_PARK,FORWARD
PARALLEL_2_EXIT,PARALLEL,2,20,derived_parallel_revision,,-16.2077,-27.1989,PARALLEL_PARK,FORWARD
PARALLEL_2_EXIT,PARALLEL,2,21,derived_parallel_revision,,-16.4842,-27.3153,PARALLEL_PARK,FORWARD
PARALLEL_2_EXIT,PARALLEL,2,22,derived_parallel_revision,,-16.7628,-27.4265,PARALLEL_PARK,FORWARD
PARALLEL_2_EXIT,PARALLEL,2,23,derived_parallel_revision,,-17.0440,-27.5312,PARALLEL_PARK,FORWARD
PARALLEL_2_EXIT,PARALLEL,2,24,derived_parallel_revision,,-17.3277,-27.6285,PARALLEL_PARK,FORWARD
PARALLEL_2_EXIT,PARALLEL,2,25,derived_parallel_revision,,-17.6143,-27.7174,PARALLEL_PARK,FORWARD
PARALLEL_2_EXIT,PARALLEL,2,26,derived_parallel_revision,,-17.9035,-27.7971,PARALLEL_PARK,FORWARD
PARALLEL_2_EXIT,PARALLEL,2,27,derived_parallel_revision,,-18.1952,-27.8671,PARALLEL_PARK,FORWARD
PARALLEL_2_EXIT,PARALLEL,2,28,derived_parallel_revision,,-18.4892,-27.9267,PARALLEL_PARK,FORWARD
PARALLEL_2_EXIT,PARALLEL,2,29,derived_parallel_revision,,-18.7851,-27.9756,PARALLEL_PARK,FORWARD
PARALLEL_2_EXIT,PARALLEL,2,30,derived_parallel_revision,,-19.0827,-28.0136,PARALLEL_PARK,FORWARD
PARALLEL_2_EXIT,PARALLEL,2,31,derived_parallel_revision,,-19.3815,-28.0406,PARALLEL_PARK,FORWARD
PARALLEL_2_EXIT,PARALLEL,2,32,derived_parallel_revision,,-19.6810,-28.0565,PARALLEL_PARK,FORWARD
PARALLEL_2_EXIT,PARALLEL,2,33,derived_parallel_revision,,-19.9810,-28.0617,PARALLEL_PARK,FORWARD
PARALLEL_2_EXIT,PARALLEL,2,34,derived_parallel_revision,,-20.2809,-28.0568,PARALLEL_PARK,FORWARD
PARALLEL_2_EXIT,PARALLEL,2,35,derived_parallel_revision,,-20.5806,-28.0431,PARALLEL_PARK,FORWARD
PARALLEL_2_EXIT,PARALLEL,2,36,derived_parallel_revision,,-20.8799,-28.0229,PARALLEL_PARK,FORWARD
PARALLEL_2_EXIT,PARALLEL,2,37,derived_parallel_revision,,-21.0450,-28.0102,PARALLEL_PARK,FORWARD
PARALLEL_2_POST_EXIT,PARALLEL,2,0,derived_parallel_revision,,-21.3434,-27.9797,PARALLEL_PARK,FORWARD
PARALLEL_2_POST_EXIT,PARALLEL,2,1,derived_parallel_revision,,-21.6367,-27.9174,PARALLEL_PARK,FORWARD
PARALLEL_2_POST_EXIT,PARALLEL,2,2,derived_parallel_revision,,-21.9214,-27.8234,PARALLEL_PARK,FORWARD
PARALLEL_2_POST_EXIT,PARALLEL,2,3,derived_parallel_revision,,-22.1949,-27.7005,PARALLEL_PARK,FORWARD
PARALLEL_2_POST_EXIT,PARALLEL,2,4,derived_parallel_revision,,-22.4564,-27.5536,PARALLEL_PARK,FORWARD
PARALLEL_2_POST_EXIT,PARALLEL,2,5,derived_parallel_revision,,-22.7072,-27.3891,PARALLEL_PARK,FORWARD
PARALLEL_2_POST_EXIT,PARALLEL,2,6,derived_parallel_revision,,-22.9502,-27.2131,PARALLEL_PARK,FORWARD
PARALLEL_2_POST_EXIT,PARALLEL,2,7,derived_parallel_revision,,-23.1893,-27.0319,PARALLEL_PARK,FORWARD
PARALLEL_2_POST_EXIT,PARALLEL,2,8,derived_parallel_revision,,-23.4289,-26.8514,PARALLEL_PARK,FORWARD
PARALLEL_2_POST_EXIT,PARALLEL,2,9,derived_parallel_revision,,-23.6734,-26.6776,PARALLEL_PARK,FORWARD
PARALLEL_2_POST_EXIT,PARALLEL,2,10,derived_parallel_revision,,-23.9266,-26.5167,PARALLEL_PARK,FORWARD
PARALLEL_2_POST_EXIT,PARALLEL,2,11,derived_parallel_revision,,-24.1909,-26.3751,PARALLEL_PARK,FORWARD
PARALLEL_2_POST_EXIT,PARALLEL,2,12,derived_parallel_revision,,-24.4673,-26.2587,PARALLEL_PARK,FORWARD
PARALLEL_2_POST_EXIT,PARALLEL,2,13,derived_parallel_revision,,-24.6028,-26.2134,PARALLEL_PARK,FORWARD
PARALLEL_2_POST_EXIT,PARALLEL,2,14,derived_parallel_revision,,-24.6841,-26.1877,PARALLEL_PARK,FORWARD
PARALLEL_2_POST_EXIT,PARALLEL,2,15,derived_parallel_revision,,-24.9732,-26.1076,PARALLEL_PARK,FORWARD
PARALLEL_2_POST_EXIT,PARALLEL,2,16,derived_parallel_revision,,-25.2652,-26.0388,PARALLEL_PARK,FORWARD
PARALLEL_2_POST_EXIT,PARALLEL,2,17,derived_parallel_revision,,-25.5599,-25.9828,PARALLEL_PARK,FORWARD
PARALLEL_2_POST_EXIT,PARALLEL,2,18,derived_parallel_revision,,-25.8569,-25.9410,PARALLEL_PARK,FORWARD
PARALLEL_2_POST_EXIT,PARALLEL,2,19,derived_parallel_revision,,-26.0592,-25.9216,PARALLEL_PARK,FORWARD
PARALLEL_2_POST_EXIT,PARALLEL,2,20,derived_parallel_revision,,-26.6267,-25.2556,PARALLEL_PARK,FORWARD
PARALLEL_2_POST_EXIT,PARALLEL,2,21,derived_parallel_revision,,-27.4601,-25.1669,PARALLEL_PARK,FORWARD
PARALLEL_2_POST_EXIT,PARALLEL,2,22,derived_parallel_revision,,-28.5106,-24.9031,PARALLEL_PARK,FORWARD
PARALLEL_2_POST_EXIT,PARALLEL,2,23,derived_parallel_revision,,-29.4161,-24.8743,PARALLEL_PARK,FORWARD
PARALLEL_2_POST_EXIT,PARALLEL,2,24,derived_parallel_revision,,-30.2115,-24.7246,PARALLEL_PARK,FORWARD
PARALLEL_2_POST_EXIT,PARALLEL,2,25,derived_parallel_revision,,-31.2274,-24.5160,PARALLEL_PARK,FORWARD
PARALLEL_2_POST_EXIT,PARALLEL,2,26,derived_parallel_revision,,-32.2488,-23.9438,PARALLEL_PARK,FORWARD
PARALLEL_2_POST_EXIT,PARALLEL,2,27,derived_parallel_revision,,-32.8810,-23.2282,PARALLEL_PARK,FORWARD
PARALLEL_2_POST_EXIT,PARALLEL,2,28,derived_parallel_revision,,-32.9759,-22.2700,PARALLEL_PARK,FORWARD
PARALLEL_2_POST_EXIT,PARALLEL,2,29,derived_parallel_revision,,-32.9807,-21.2230,PARALLEL_PARK,FORWARD
PARALLEL_2_POST_EXIT,PARALLEL,2,30,derived_parallel_revision,,-32.7680,-20.1164,PARALLEL_PARK,FORWARD
PARALLEL_2_POST_EXIT,PARALLEL,2,31,derived_parallel_revision,,-32.4311,-19.1908,PARALLEL_PARK,FORWARD
PARALLEL_2_POST_EXIT,PARALLEL,2,32,derived_parallel_revision,,-32.1912,-18.3889,PARALLEL_PARK,FORWARD
PARALLEL_2_POST_EXIT,PARALLEL,2,33,derived_parallel_revision,,-32.0212,-17.6549,PARALLEL_PARK,FORWARD
PARALLEL_2_POST_EXIT,PARALLEL,2,34,derived_parallel_revision,,-31.6034,-16.8991,PARALLEL_PARK,FORWARD
PARALLEL_2_POST_EXIT,PARALLEL,2,35,derived_parallel_revision,,-31.2797,-16.1021,PARALLEL_PARK,FORWARD
PARALLEL_2_POST_EXIT,PARALLEL,2,36,derived_parallel_revision,,-30.7256,-15.2305,PARALLEL_PARK,FORWARD
PARALLEL_2_POST_EXIT,PARALLEL,2,37,derived_parallel_revision,,-30.0216,-14.4258,PARALLEL_PARK,FORWARD
PARALLEL_2_POST_EXIT,PARALLEL,2,38,derived_parallel_revision,,-29.1537,-13.7903,PARALLEL_PARK,FORWARD
FINAL_COMMON,,,0,course_07,738,-26.6267,-25.2556,NORMAL,UNASSIGNED
FINAL_COMMON,,,1,course_07,739,-27.4601,-25.1669,NORMAL,UNASSIGNED
FINAL_COMMON,,,2,course_07,740,-28.5106,-24.9031,NORMAL,UNASSIGNED
FINAL_COMMON,,,3,course_07,741,-29.4161,-24.8743,NORMAL,UNASSIGNED
FINAL_COMMON,,,4,course_07,742,-30.2115,-24.7246,NORMAL,UNASSIGNED
FINAL_COMMON,,,5,course_07,743,-31.2274,-24.5160,NORMAL,UNASSIGNED
FINAL_COMMON,,,6,course_07,744,-32.2488,-23.9438,NORMAL,UNASSIGNED
FINAL_COMMON,,,7,course_07,745,-32.8810,-23.2282,NORMAL,UNASSIGNED
FINAL_COMMON,,,8,course_07,746,-32.9759,-22.2700,NORMAL,UNASSIGNED
FINAL_COMMON,,,9,course_07,747,-32.9807,-21.2230,NORMAL,UNASSIGNED
FINAL_COMMON,,,10,course_07,748,-32.7680,-20.1164,NORMAL,UNASSIGNED
FINAL_COMMON,,,11,course_07,749,-32.4311,-19.1908,NORMAL,UNASSIGNED
FINAL_COMMON,,,12,course_07,750,-32.1912,-18.3889,NORMAL,UNASSIGNED
FINAL_COMMON,,,13,course_07,751,-32.0212,-17.6549,NORMAL,UNASSIGNED
FINAL_COMMON,,,14,course_07,752,-31.6034,-16.8991,NORMAL,UNASSIGNED
FINAL_COMMON,,,15,course_07,753,-31.2797,-16.1021,NORMAL,UNASSIGNED
FINAL_COMMON,,,16,course_07,754,-30.7256,-15.2305,NORMAL,UNASSIGNED
FINAL_COMMON,,,17,course_07,755,-30.0216,-14.4258,NORMAL,UNASSIGNED
FINAL_COMMON,,,18,course_07,756,-29.1537,-13.7903,NORMAL,UNASSIGNED
FINAL_1,FINAL,1,0,course_07,756,-29.1537,-13.7903,NORMAL,UNASSIGNED
FINAL_1,FINAL,1,1,course_09,192,-28.7569,-12.7886,NORMAL,UNASSIGNED
FINAL_1,FINAL,1,2,course_09,193,-12.9961,-15.6577,NORMAL,UNASSIGNED
FINAL_1,FINAL,1,3,course_09,194,-6.0854,-16.2354,NORMAL,UNASSIGNED
FINAL_1,FINAL,1,4,course_09,195,-4.2300,-16.4422,NORMAL,UNASSIGNED
FINAL_2,FINAL,2,0,course_07,756,-29.1537,-13.7903,NORMAL,UNASSIGNED
FINAL_2,FINAL,2,1,course_07,757,-28.1727,-13.4623,NORMAL,UNASSIGNED
FINAL_2,FINAL,2,2,course_07,758,-27.0319,-13.4041,NORMAL,UNASSIGNED
FINAL_2,FINAL,2,3,course_07,759,-26.0029,-13.4383,NORMAL,UNASSIGNED
FINAL_2,FINAL,2,4,course_07,760,-25.1116,-13.6896,NORMAL,UNASSIGNED
FINAL_2,FINAL,2,5,course_07,761,-24.0216,-13.9495,NORMAL,UNASSIGNED
FINAL_2,FINAL,2,6,course_07,762,-22.9475,-14.3161,NORMAL,UNASSIGNED
FINAL_2,FINAL,2,7,course_07,763,-21.9750,-14.6784,NORMAL,UNASSIGNED
FINAL_2,FINAL,2,8,course_07,764,-20.8868,-15.0645,NORMAL,UNASSIGNED
FINAL_2,FINAL,2,9,course_07,765,-19.7729,-15.3141,NORMAL,UNASSIGNED
FINAL_2,FINAL,2,10,course_07,766,-18.8363,-15.6013,NORMAL,UNASSIGNED
FINAL_2,FINAL,2,11,course_07,767,-17.8770,-15.8978,NORMAL,UNASSIGNED
FINAL_2,FINAL,2,12,course_07,768,-16.8085,-16.2831,NORMAL,UNASSIGNED
FINAL_2,FINAL,2,13,course_07,769,-15.8844,-16.6050,NORMAL,UNASSIGNED
FINAL_2,FINAL,2,14,course_07,770,-14.9477,-16.9319,NORMAL,UNASSIGNED
FINAL_2,FINAL,2,15,course_07,771,-14.1240,-17.1661,NORMAL,UNASSIGNED
FINAL_2,FINAL,2,16,course_07,772,-12.9092,-17.5714,NORMAL,UNASSIGNED
FINAL_2,FINAL,2,17,course_07,773,-12.0344,-17.7040,NORMAL,UNASSIGNED
FINAL_2,FINAL,2,18,course_07,774,-11.1755,-17.9261,NORMAL,UNASSIGNED
FINAL_2,FINAL,2,19,course_07,775,-10.3569,-18.1993,NORMAL,UNASSIGNED
FINAL_2,FINAL,2,20,course_07,776,-9.2780,-18.5099,NORMAL,UNASSIGNED
FINAL_2,FINAL,2,21,course_07,777,-8.0823,-18.8149,NORMAL,UNASSIGNED
FINAL_2,FINAL,2,22,course_07,778,-7.2196,-19.1371,NORMAL,UNASSIGNED
FINAL_2,FINAL,2,23,course_07,779,-6.0959,-19.4262,NORMAL,UNASSIGNED
FINAL_2,FINAL,2,24,course_07,780,-4.6687,-19.9645,NORMAL,UNASSIGNED
FINAL_2,FINAL,2,25,course_07,781,-4.1577,-20.1105,NORMAL,UNASSIGNED
FINAL_2,FINAL,2,26,course_07,782,-2.0305,-20.5535,NORMAL,UNASSIGNED
