segment_id,point_index,branch_group,branch_option,selection_policy,next_segments,camera_task,camera_group,camera_start_index,camera_end_index,lidar_task,lidar_start_index,lidar_end_index,x,y,yaw_deg,gear,origin_latitude_deg,origin_longitude_deg,origin_altitude_m,position_reference,up_m,mission,speed_profile,stop_here,traffic_exit,camera_segment_id,source_segment_id,source_point_index,entry_point
to_forward3,0,,,,P_entry,off,,0,73,parking,0,73,-22.68472500,-65.87888800,53.671493,FORWARD,37.288953836107,127.107642314493,0.0,base_link,0,PARALLEL_PARK,,,,,to_forward3,0,
to_forward3,1,,,,P_entry,off,,0,73,parking,0,73,-22.56868356,-65.72108135,54.501855,FORWARD,37.288953836107,127.107642314493,0.0,base_link,0,PARALLEL_PARK,,,,,to_forward3,1,
to_forward3,2,,,,P_entry,off,,0,73,parking,0,73,-22.45726382,-65.55997735,56.122267,FORWARD,37.288953836107,127.107642314493,0.0,base_link,0,PARALLEL_PARK,,,,,to_forward3,2,
to_forward3,3,,,,P_entry,off,,0,73,parking,0,73,-22.35032837,-65.39586158,57.643036,FORWARD,37.288953836107,127.107642314493,0.0,base_link,0,PARALLEL_PARK,,,,,to_forward3,3,
to_forward3,4,,,,P_entry,off,,0,73,parking,0,73,-22.24761293,-65.22907128,59.058308,FORWARD,37.288953836107,127.107642314493,0.0,base_link,0,PARALLEL_PARK,,,,,to_forward3,4,
to_forward3,5,,,,P_entry,off,,0,73,parking,0,73,-22.14891159,-65.05987374,60.368122,FORWARD,37.288953836107,127.107642314493,0.0,base_link,0,PARALLEL_PARK,,,,,to_forward3,5,
to_forward3,6,,,,P_entry,off,,0,73,parking,0,73,-22.05392600,-64.88856188,61.569336,FORWARD,37.288953836107,127.107642314493,0.0,base_link,0,PARALLEL_PARK,,,,,to_forward3,6,
to_forward3,7,,,,P_entry,off,,0,73,parking,0,73,-21.96240323,-64.71537454,62.663143,FORWARD,37.288953836107,127.107642314493,0.0,base_link,0,PARALLEL_PARK,,,,,to_forward3,7,
to_forward3,8,,,,P_entry,off,,0,73,parking,0,73,-21.87402560,-64.54056069,63.648809,FORWARD,37.288953836107,127.107642314493,0.0,base_link,0,PARALLEL_PARK,,,,,to_forward3,8,
to_forward3,9,,,,P_entry,off,,0,73,parking,0,73,-21.78851408,-64.36432655,64.527755,FORWARD,37.288953836107,127.107642314493,0.0,base_link,0,PARALLEL_PARK,,,,,to_forward3,9,
to_forward3,10,,,,P_entry,off,,0,73,parking,0,73,-21.70554026,-64.18688301,65.300753,FORWARD,37.288953836107,127.107642314493,0.0,base_link,0,PARALLEL_PARK,,,,,to_forward3,10,
to_forward3,11,,,,P_entry,off,,0,73,parking,0,73,-21.62481422,-64.00840521,65.969265,FORWARD,37.288953836107,127.107642314493,0.0,base_link,0,PARALLEL_PARK,,,,,to_forward3,11,
to_forward3,12,,,,P_entry,off,,0,73,parking,0,73,-21.54600306,-63.82907328,66.534183,FORWARD,37.288953836107,127.107642314493,0.0,base_link,0,PARALLEL_PARK,,,,,to_forward3,12,
to_forward3,13,,,,P_entry,off,,0,73,parking,0,73,-21.46881172,-63.64903788,66.997523,FORWARD,37.288953836107,127.107642314493,0.0,base_link,0,PARALLEL_PARK,,,,,to_forward3,13,
to_forward3,14,,,,P_entry,off,,0,73,parking,0,73,-21.39291101,-63.46845435,67.358802,FORWARD,37.288953836107,127.107642314493,0.0,base_link,0,PARALLEL_PARK,,,,,to_forward3,14,
to_forward3,15,,,,P_entry,off,,0,73,parking,0,73,-21.31799604,-63.28745949,67.620506,FORWARD,37.288953836107,127.107642314493,0.0,base_link,0,PARALLEL_PARK,,,,,to_forward3,15,
to_forward3,16,,,,P_entry,off,,0,73,parking,0,73,-21.24374804,-63.10618990,67.782003,FORWARD,37.288953836107,127.107642314493,0.0,base_link,0,PARALLEL_PARK,,,,,to_forward3,16,
to_forward3,17,,,,P_entry,off,,0,73,parking,0,73,-21.16985451,-62.92477545,67.844229,FORWARD,37.288953836107,127.107642314493,0.0,base_link,0,PARALLEL_PARK,,,,,to_forward3,17,
to_forward3,18,,,,P_entry,off,,0,73,parking,0,73,-21.09600039,-62.74334495,67.806976,FORWARD,37.288953836107,127.107642314493,0.0,base_link,0,PARALLEL_PARK,,,,,to_forward3,18,
to_forward3,19,,,,P_entry,off,,0,73,parking,0,73,-21.02187104,-62.56202677,67.669456,FORWARD,37.288953836107,127.107642314493,0.0,base_link,0,PARALLEL_PARK,,,,,to_forward3,19,
to_forward3,20,,,,P_entry,off,,0,73,parking,0,73,-20.94714690,-62.38095302,67.431772,FORWARD,37.288953836107,127.107642314493,0.0,base_link,0,PARALLEL_PARK,,,,,to_forward3,20,
to_forward3,21,,,,P_entry,off,,0,73,parking,0,73,-20.87151585,-62.20025634,67.091651,FORWARD,37.288953836107,127.107642314493,0.0,base_link,0,PARALLEL_PARK,,,,,to_forward3,21,
to_forward3,22,,,,P_entry,off,,0,73,parking,0,73,-20.79464738,-62.02008280,66.649181,FORWARD,37.288953836107,127.107642314493,0.0,base_link,0,PARALLEL_PARK,,,,,to_forward3,22,
to_forward3,23,,,,P_entry,off,,0,73,parking,0,73,-20.71623477,-61.84057618,66.403192,FORWARD,37.288953836107,127.107642314493,0.0,base_link,0,PARALLEL_PARK,,,,,to_forward3,23,
to_forward3,24,,,,P_entry,off,,0,73,parking,0,73,-20.71623477,-61.84057618,66.119313,FORWARD,37.288953836107,127.107642314493,0.0,base_link,0,PARALLEL_PARK,,,,,P_entry,0,
to_forward3,25,,,,P_entry,off,,0,73,parking,0,73,-20.63552392,-61.65827592,64.862488,FORWARD,37.288953836107,127.107642314493,0.0,base_link,0,PARALLEL_PARK,,,,,P_entry,1,
to_forward3,26,,,,P_entry,off,,0,73,parking,0,73,-20.54689557,-61.47969094,63.444800,FORWARD,37.288953836107,127.107642314493,0.0,base_link,0,PARALLEL_PARK,,,,,P_entry,2,
to_forward3,27,,,,P_entry,off,,0,73,parking,0,73,-20.45726578,-61.30160633,62.896503,FORWARD,37.288953836107,127.107642314493,0.0,base_link,0,PARALLEL_PARK,,,,,P_entry,3,
to_forward3,28,,,,P_entry,off,,0,73,parking,0,73,-20.36523586,-61.12475016,62.223443,FORWARD,37.288953836107,127.107642314493,0.0,base_link,0,PARALLEL_PARK,,,,,P_entry,4,
to_forward3,29,,,,P_entry,off,,0,73,parking,0,73,-20.27144724,-60.94882031,61.754519,FORWARD,37.288953836107,127.107642314493,0.0,base_link,0,PARALLEL_PARK,,,,,P_entry,5,
to_forward3,30,,,,P_entry,off,,0,73,parking,0,73,-20.17653489,-60.77349414,61.490707,FORWARD,37.288953836107,127.107642314493,0.0,base_link,0,PARALLEL_PARK,,,,,P_entry,6,
to_forward3,31,,,,P_entry,off,,0,73,parking,0,73,-20.08113016,-60.59843539,61.431881,FORWARD,37.288953836107,127.107642314493,0.0,base_link,0,PARALLEL_PARK,,,,,P_entry,7,
to_forward3,32,,,,P_entry,off,,0,73,parking,0,73,-19.98585799,-60.42330446,61.576848,FORWARD,37.288953836107,127.107642314493,0.0,base_link,0,PARALLEL_PARK,,,,,P_entry,8,
to_forward3,33,,,,P_entry,off,,0,73,parking,0,73,-19.89134032,-60.24776519,61.927178,FORWARD,37.288953836107,127.107642314493,0.0,base_link,0,PARALLEL_PARK,,,,,P_entry,9,
to_forward3,34,,,,P_entry,off,,0,73,parking,0,73,-19.79821689,-60.07148236,62.459203,FORWARD,37.288953836107,127.107642314493,0.0,base_link,0,PARALLEL_PARK,,,,,P_entry,10,
to_forward3,35,,,,P_entry,off,,0,73,parking,0,73,-19.70697534,-59.89421822,62.306521,FORWARD,37.288953836107,127.107642314493,0.0,base_link,0,PARALLEL_PARK,,,,,P_entry,11,
to_forward3,36,,,,P_entry,off,,0,73,parking,0,73,-19.61291379,-59.71843434,63.401451,FORWARD,37.288953836107,127.107642314493,0.0,base_link,0,PARALLEL_PARK,,,,,P_entry,12,
to_forward3,37,,,,P_entry,off,,0,73,parking,0,73,-19.52851339,-59.53781539,63.884088,FORWARD,37.288953836107,127.107642314493,0.0,base_link,0,PARALLEL_PARK,,,,,P_entry,13,
to_forward3,38,,,,P_entry,off,,0,73,parking,0,73,-19.43742699,-59.36047286,63.195716,FORWARD,37.288953836107,127.107642314493,0.0,base_link,0,PARALLEL_PARK,,,,,P_entry,14,
to_forward3,39,,,,P_entry,off,,0,73,parking,0,73,-19.34871026,-59.18193183,64.179907,FORWARD,37.288953836107,127.107642314493,0.0,base_link,0,PARALLEL_PARK,,,,,P_entry,15,
to_forward3,40,,,,P_entry,off,,0,73,parking,0,73,-19.26376862,-59.00156453,66.305875,FORWARD,37.288953836107,127.107642314493,0.0,base_link,0,PARALLEL_PARK,,,,,P_entry,16,
to_forward3,41,,,,P_entry,off,,0,73,parking,0,73,-19.18853467,-58.81693996,69.510372,FORWARD,37.288953836107,127.107642314493,0.0,base_link,0,PARALLEL_PARK,,,,,P_entry,17,
to_forward3,42,,,,P_entry,off,,0,73,parking,0,73,-19.12425845,-58.62822164,71.843525,FORWARD,37.288953836107,127.107642314493,0.0,base_link,0,PARALLEL_PARK,,,,,P_entry,18,
to_forward3,43,,,,P_entry,off,,0,73,parking,0,73,-19.06429271,-58.43808617,71.719097,FORWARD,37.288953836107,127.107642314493,0.0,base_link,0,PARALLEL_PARK,,,,,P_entry,19,
to_forward3,44,,,,P_entry,off,,0,73,parking,0,73,-18.99919648,-58.24964596,69.562734,FORWARD,37.288953836107,127.107642314493,0.0,base_link,0,PARALLEL_PARK,,,,,P_entry,20,
to_forward3,45,,,,P_entry,off,,0,73,parking,0,73,-18.92510321,-58.06456070,66.244956,FORWARD,37.288953836107,127.107642314493,0.0,base_link,0,PARALLEL_PARK,,,,,P_entry,21,
to_forward3,46,,,,P_entry,off,,0,73,parking,0,73,-18.83867045,-57.88490989,64.710647,FORWARD,37.288953836107,127.107642314493,0.0,base_link,0,PARALLEL_PARK,,,,,P_entry,22,
to_forward3,47,,,,P_entry,off,,0,73,parking,0,73,-18.75477433,-57.70405378,68.183269,FORWARD,37.288953836107,127.107642314493,0.0,base_link,0,PARALLEL_PARK,,,,,P_entry,23,
to_forward3,48,,,,P_entry,off,,0,73,parking,0,73,-18.69070391,-57.51528023,70.847628,FORWARD,37.288953836107,127.107642314493,0.0,base_link,0,PARALLEL_PARK,,,,,P_entry,24,
to_forward3,49,,,,P_entry,off,,0,73,parking,0,73,-18.62396566,-57.32741466,66.791247,FORWARD,37.288953836107,127.107642314493,0.0,base_link,0,PARALLEL_PARK,,,,,P_entry,25,
to_forward3,50,,,,P_entry,off,,0,73,parking,0,73,-18.53389897,-57.14958117,63.852146,FORWARD,37.288953836107,127.107642314493,0.0,base_link,0,PARALLEL_PARK,,,,,P_entry,26,
to_forward3,51,,,,P_entry,off,,0,73,parking,0,73,-18.44827318,-56.96953857,65.935511,FORWARD,37.288953836107,127.107642314493,0.0,base_link,0,PARALLEL_PARK,,,,,P_entry,27,
to_forward3,52,,,,P_entry,off,,0,73,parking,0,73,-18.37135718,-56.78560943,64.371125,FORWARD,37.288953836107,127.107642314493,0.0,base_link,0,PARALLEL_PARK,,,,,P_entry,28,
to_forward3,53,,,,P_entry,off,,0,73,parking,0,73,-18.27604044,-56.61052553,63.497608,FORWARD,37.288953836107,127.107642314493,0.0,base_link,0,PARALLEL_PARK,,,,,P_entry,29,
to_forward3,54,,,,P_entry,off,,0,73,parking,0,73,-18.19355592,-56.42903253,68.628406,FORWARD,37.288953836107,127.107642314493,0.0,base_link,0,PARALLEL_PARK,,,,,P_entry,30,
to_forward3,55,,,,P_entry,off,,0,73,parking,0,73,-18.13095531,-56.23977097,70.696916,FORWARD,37.288953836107,127.107642314493,0.0,base_link,0,PARALLEL_PARK,,,,,P_entry,31,
to_forward3,56,,,,P_entry,off,,0,73,parking,0,73,-18.06177600,-56.05279309,69.599011,FORWARD,37.288953836107,127.107642314493,0.0,base_link,0,PARALLEL_PARK,,,,,P_entry,32,
to_forward3,57,,,,P_entry,off,,0,73,parking,0,73,-17.99196177,-55.86604836,69.968184,FORWARD,37.288953836107,127.107642314493,0.0,base_link,0,PARALLEL_PARK,,,,,P_entry,33,
to_forward3,58,,,,P_entry,off,,0,73,parking,0,73,-17.92519690,-55.67819244,70.117577,FORWARD,37.288953836107,127.107642314493,0.0,base_link,0,PARALLEL_PARK,,,,,P_entry,34,
to_forward3,59,,,,P_entry,off,,0,73,parking,0,73,-17.85635755,-55.49108644,68.612118,FORWARD,37.288953836107,127.107642314493,0.0,base_link,0,PARALLEL_PARK,,,,,P_entry,35,
to_forward3,60,,,,P_entry,off,,0,73,parking,0,73,-17.77981869,-55.30699992,66.414105,FORWARD,37.288953836107,127.107642314493,0.0,base_link,0,PARALLEL_PARK,,,,,P_entry,36,
to_forward3,61,,,,P_entry,off,,0,73,parking,0,73,-17.69684135,-55.12572316,66.164950,FORWARD,37.288953836107,127.107642314493,0.0,base_link,0,PARALLEL_PARK,,,,,P_entry,37,
to_forward3,62,,,,P_entry,off,,0,73,parking,0,73,-17.61870353,-54.94230733,68.673611,FORWARD,37.288953836107,127.107642314493,0.0,base_link,0,PARALLEL_PARK,,,,,P_entry,38,
to_forward3,63,,,,P_entry,off,,0,73,parking,0,73,-17.55190042,-54.75447421,70.442012,FORWARD,37.288953836107,127.107642314493,0.0,base_link,0,PARALLEL_PARK,,,,,P_entry,39,
to_forward3,64,,,,P_entry,off,,0,73,parking,0,73,-17.48522544,-54.56658575,67.049824,FORWARD,37.288953836107,127.107642314493,0.0,base_link,0,PARALLEL_PARK,,,,,P_entry,40,
to_forward3,65,,,,P_entry,off,,0,73,parking,0,73,-17.39671142,-54.38798606,64.183715,FORWARD,37.288953836107,127.107642314493,0.0,base_link,0,PARALLEL_PARK,,,,,P_entry,41,
to_forward3,66,,,,P_entry,off,,0,73,parking,0,73,-17.31160597,-54.20769699,66.034459,FORWARD,37.288953836107,127.107642314493,0.0,base_link,0,PARALLEL_PARK,,,,,P_entry,42,
to_forward3,67,,,,P_entry,off,,0,73,parking,0,73,-17.23479472,-54.02372578,68.532813,FORWARD,37.288953836107,127.107642314493,0.0,base_link,0,PARALLEL_PARK,,,,,P_entry,43,
to_forward3,68,,,,P_entry,off,,0,73,parking,0,73,-17.16571666,-53.83671247,70.921944,FORWARD,37.288953836107,127.107642314493,0.0,base_link,0,PARALLEL_PARK,,,,,P_entry,44,
to_forward3,69,,,,P_entry,off,,0,73,parking,0,73,-17.10449689,-53.64698150,67.819243,FORWARD,37.288953836107,127.107642314493,0.0,base_link,0,PARALLEL_PARK,,,,,P_entry,45,
to_forward3,70,,,,P_entry,off,,0,73,parking,0,73,-17.01563269,-53.46858955,62.603978,FORWARD,37.288953836107,127.107642314493,0.0,base_link,0,PARALLEL_PARK,,,,,P_entry,46,
to_forward3,71,,,,P_entry,off,,0,73,parking,0,73,-16.92107895,-53.29307230,64.526084,FORWARD,37.288953836107,127.107642314493,0.0,base_link,0,PARALLEL_PARK,,,,,P_entry,47,
to_forward3,72,,,,P_entry,off,,0,73,parking,0,73,-16.84436088,-53.10908964,69.005771,FORWARD,37.288953836107,127.107642314493,0.0,base_link,0,PARALLEL_PARK,,,,,P_entry,48,
to_forward3,73,,,,P_entry,off,,0,73,parking,0,73,-16.77829521,-52.92099592,70.692464,FORWARD,37.288953836107,127.107642314493,0.0,base_link,0,PARALLEL_PARK,,,,,P_entry,49,
P_entry,0,,,,P1_reverse|P2_reverse,off,,0,163,parking,0,163,-16.71252646,-52.73278832,68.939772,FORWARD,37.288953836107,127.107642314493,0.0,base_link,0,PARALLEL_PARK,,,,,P_entry,50,
P_entry,1,,,,P1_reverse|P2_reverse,off,,0,163,parking,0,163,-16.63508500,-52.54908953,63.654608,FORWARD,37.288953836107,127.107642314493,0.0,base_link,0,PARALLEL_PARK,,,,,P_entry,51,
P_entry,2,,,,P1_reverse|P2_reverse,off,,0,163,parking,0,163,-16.53592946,-52.37618299,60.500774,FORWARD,37.288953836107,127.107642314493,0.0,base_link,0,PARALLEL_PARK,,,,,P_entry,52,
P_entry,3,,,,P1_reverse|P2_reverse,off,,0,163,parking,0,163,-16.43876999,-52.20209299,62.076095,FORWARD,37.288953836107,127.107642314493,0.0,base_link,0,PARALLEL_PARK,,,,,P_entry,53,
P_entry,4,,,,P1_reverse|P2_reverse,off,,0,163,parking,0,163,-16.34924919,-52.02396074,65.216209,FORWARD,37.288953836107,127.107642314493,0.0,base_link,0,PARALLEL_PARK,,,,,P_entry,54,
P_entry,5,,,,P1_reverse|P2_reverse,off,,0,163,parking,0,163,-16.27172236,-51.84030003,69.045464,FORWARD,37.288953836107,127.107642314493,0.0,base_link,0,PARALLEL_PARK,,,,,P_entry,55,
P_entry,6,,,,P1_reverse|P2_reverse,off,,0,163,parking,0,163,-16.20674219,-51.65183499,71.040147,FORWARD,37.288953836107,127.107642314493,0.0,base_link,0,PARALLEL_PARK,,,,,P_entry,56,
P_entry,7,,,,P1_reverse|P2_reverse,off,,0,163,parking,0,163,-16.14217585,-51.46321151,68.448634,FORWARD,37.288953836107,127.107642314493,0.0,base_link,0,PARALLEL_PARK,,,,,P_entry,57,
P_entry,8,,,,P1_reverse|P2_reverse,off,,0,163,parking,0,163,-16.06044149,-51.28140326,65.898129,FORWARD,37.288953836107,127.107642314493,0.0,base_link,0,PARALLEL_PARK,,,,,P_entry,58,
P_entry,9,,,,P1_reverse|P2_reverse,off,,0,163,parking,0,163,-15.97936140,-51.09926714,68.837047,FORWARD,37.288953836107,127.107642314493,0.0,base_link,0,PARALLEL_PARK,,,,,P_entry,59,
P_entry,10,,,,P1_reverse|P2_reverse,off,,0,163,parking,0,163,-15.91667890,-50.91004918,71.701286,FORWARD,37.288953836107,127.107642314493,0.0,base_link,0,PARALLEL_PARK,,,,,P_entry,60,
P_entry,11,,,,P1_reverse|P2_reverse,off,,0,163,parking,0,163,-15.85418167,-50.72073011,69.686503,FORWARD,37.288953836107,127.107642314493,0.0,base_link,0,PARALLEL_PARK,,,,,P_entry,61,
P_entry,12,,,,P1_reverse|P2_reverse,off,,0,163,parking,0,163,-15.77835027,-50.53636887,70.512512,FORWARD,37.288953836107,127.107642314493,0.0,base_link,0,PARALLEL_PARK,,,,,P_entry,62,
P_entry,13,,,,P1_reverse|P2_reverse,off,,0,163,parking,0,163,-15.72135114,-50.34536778,75.477600,FORWARD,37.288953836107,127.107642314493,0.0,base_link,0,PARALLEL_PARK,,,,,P_entry,63,
P_entry,14,,,,P1_reverse|P2_reverse,off,,0,163,parking,0,163,-15.67844637,-50.15069123,74.303883,FORWARD,37.288953836107,127.107642314493,0.0,base_link,0,PARALLEL_PARK,,,,,P_entry,64,
P_entry,15,,,,P1_reverse|P2_reverse,off,,0,163,parking,0,163,-15.61367518,-49.96219867,71.662704,FORWARD,37.288953836107,127.107642314493,0.0,base_link,0,PARALLEL_PARK,,,,,P_entry,65,
P_entry,16,,,,P1_reverse|P2_reverse,off,,0,163,parking,0,163,-15.55302635,-49.77228257,71.737051,FORWARD,37.288953836107,127.107642314493,0.0,base_link,0,PARALLEL_PARK,,,,,P_entry,66,
P_entry,17,,,,P1_reverse|P2_reverse,off,,0,163,parking,0,163,-15.48872721,-49.58356976,68.791240,FORWARD,37.288953836107,127.107642314493,0.0,base_link,0,PARALLEL_PARK,,,,,P_entry,67,
P_entry,18,,,,P1_reverse|P2_reverse,off,,0,163,parking,0,163,-15.40891414,-49.40090751,67.959320,FORWARD,37.288953836107,127.107642314493,0.0,base_link,0,PARALLEL_PARK,,,,,P_entry,68,
P_entry,19,,,,P1_reverse|P2_reverse,off,,0,163,parking,0,163,-15.33916814,-49.21415344,71.918883,FORWARD,37.288953836107,127.107642314493,0.0,base_link,0,PARALLEL_PARK,,,,,P_entry,69,
P_entry,20,,,,P1_reverse|P2_reverse,off,,0,163,parking,0,163,-15.28528343,-49.02223634,71.641825,FORWARD,37.288953836107,127.107642314493,0.0,base_link,0,PARALLEL_PARK,,,,,P_entry,70,
P_entry,21,,,,P1_reverse|P2_reverse,off,,0,163,parking,0,163,-15.21374354,-48.83619220,67.668650,FORWARD,37.288953836107,127.107642314493,0.0,base_link,0,PARALLEL_PARK,,,,,P_entry,71,
P_entry,22,,,,P1_reverse|P2_reverse,off,,0,163,parking,0,163,-15.13383697,-48.65354646,67.525354,FORWARD,37.288953836107,127.107642314493,0.0,base_link,0,PARALLEL_PARK,,,,,P_entry,72,
P_entry,23,,,,P1_reverse|P2_reverse,off,,0,163,parking,0,163,-15.06135399,-48.46783033,68.229816,FORWARD,37.288953836107,127.107642314493,0.0,base_link,0,PARALLEL_PARK,,,,,P_entry,73,
P_entry,24,,,,P1_reverse|P2_reverse,off,,0,163,parking,0,163,-14.98596012,-48.28326925,69.310064,FORWARD,37.288953836107,127.107642314493,0.0,base_link,0,PARALLEL_PARK,,,,,P_entry,74,
P_entry,25,,,,P1_reverse|P2_reverse,off,,0,163,parking,0,163,-14.92053217,-48.09495813,71.342575,FORWARD,37.288953836107,127.107642314493,0.0,base_link,0,PARALLEL_PARK,,,,,P_entry,75,
P_entry,26,,,,P1_reverse|P2_reverse,off,,0,163,parking,0,163,-14.85841067,-47.90551655,70.951608,FORWARD,37.288953836107,127.107642314493,0.0,base_link,0,PARALLEL_PARK,,,,,P_entry,76,
P_entry,27,,,,P1_reverse|P2_reverse,off,,0,163,parking,0,163,-14.79041584,-47.71810714,70.410052,FORWARD,37.288953836107,127.107642314493,0.0,base_link,0,PARALLEL_PARK,,,,,P_entry,77,
P_entry,28,,,,P1_reverse|P2_reverse,off,,0,163,parking,0,163,-14.72472447,-47.52987356,71.512741,FORWARD,37.288953836107,127.107642314493,0.0,base_link,0,PARALLEL_PARK,,,,,P_entry,78,
P_entry,29,,,,P1_reverse|P2_reverse,off,,0,163,parking,0,163,-14.66399134,-47.33998472,70.907924,FORWARD,37.288953836107,127.107642314493,0.0,base_link,0,PARALLEL_PARK,,,,,P_entry,79,
P_entry,30,,,,P1_reverse|P2_reverse,off,,0,163,parking,0,163,-14.59434467,-47.15319067,70.326102,FORWARD,37.288953836107,127.107642314493,0.0,base_link,0,PARALLEL_PARK,,,,,P_entry,80,
P_entry,31,,,,P1_reverse|P2_reverse,off,,0,163,parking,0,163,-14.52976831,-46.96457555,71.316178,FORWARD,37.288953836107,127.107642314493,0.0,base_link,0,PARALLEL_PARK,,,,,P_entry,81,
P_entry,32,,,,P1_reverse|P2_reverse,off,,0,163,parking,0,163,-14.46661379,-46.77547489,70.843678,FORWARD,37.288953836107,127.107642314493,0.0,base_link,0,PARALLEL_PARK,,,,,P_entry,82,
P_entry,33,,,,P1_reverse|P2_reverse,off,,0,163,parking,0,163,-14.39893496,-46.58794913,70.679893,FORWARD,37.288953836107,127.107642314493,0.0,base_link,0,PARALLEL_PARK,,,,,P_entry,83,
P_entry,34,,,,P1_reverse|P2_reverse,off,,0,163,parking,0,163,-14.33470101,-46.39921447,70.634585,FORWARD,37.288953836107,127.107642314493,0.0,base_link,0,PARALLEL_PARK,,,,,P_entry,84,
P_entry,35,,,,P1_reverse|P2_reverse,off,,0,163,parking,0,163,-14.26672543,-46.21179525,68.415036,FORWARD,37.288953836107,127.107642314493,0.0,base_link,0,PARALLEL_PARK,,,,,P_entry,85,
P_entry,36,,,,P1_reverse|P2_reverse,off,,0,163,parking,0,163,-14.18808211,-46.02861327,67.376104,FORWARD,37.288953836107,127.107642314493,0.0,base_link,0,PARALLEL_PARK,,,,,P_entry,86,
P_entry,37,,,,P1_reverse|P2_reverse,off,,0,163,parking,0,163,-14.11335650,-45.84378274,69.857927,FORWARD,37.288953836107,127.107642314493,0.0,base_link,0,PARALLEL_PARK,,,,,P_entry,87,
P_entry,38,,,,P1_reverse|P2_reverse,off,,0,163,parking,0,163,-14.05086024,-45.65448839,70.644654,FORWARD,37.288953836107,127.107642314493,0.0,base_link,0,PARALLEL_PARK,,,,,P_entry,88,
P_entry,39,,,,P1_reverse|P2_reverse,off,,0,163,parking,0,163,-13.98123996,-45.46768216,69.619000,FORWARD,37.288953836107,127.107642314493,0.0,base_link,0,PARALLEL_PARK,,,,,P_entry,89,
P_entry,40,,,,P1_reverse|P2_reverse,off,,0,163,parking,0,163,-13.91199958,-45.28072401,68.650438,FORWARD,37.288953836107,127.107642314493,0.0,base_link,0,PARALLEL_PARK,,,,,P_entry,90,
P_entry,41,,,,P1_reverse|P2_reverse,off,,0,163,parking,0,163,-13.83610352,-45.09637581,67.178924,FORWARD,37.288953836107,127.107642314493,0.0,base_link,0,PARALLEL_PARK,,,,,P_entry,91,
P_entry,42,,,,P1_reverse|P2_reverse,off,,0,163,parking,0,163,-13.75735605,-44.91322005,67.416933,FORWARD,37.288953836107,127.107642314493,0.0,base_link,0,PARALLEL_PARK,,,,,P_entry,92,
P_entry,43,,,,P1_reverse|P2_reverse,off,,0,163,parking,0,163,-13.68299260,-44.72824383,69.824001,FORWARD,37.288953836107,127.107642314493,0.0,base_link,0,PARALLEL_PARK,,,,,P_entry,93,
P_entry,44,,,,P1_reverse|P2_reverse,off,,0,163,parking,0,163,-13.61990103,-44.53914476,72.274804,FORWARD,37.288953836107,127.107642314493,0.0,base_link,0,PARALLEL_PARK,,,,,P_entry,94,
P_entry,45,,,,P1_reverse|P2_reverse,off,,0,163,parking,0,163,-13.56161382,-44.34849051,68.613335,FORWARD,37.288953836107,127.107642314493,0.0,base_link,0,PARALLEL_PARK,,,,,P_entry,95,
P_entry,46,,,,P1_reverse|P2_reverse,off,,0,163,parking,0,163,-13.47498078,-44.16909839,63.834946,FORWARD,37.288953836107,127.107642314493,0.0,base_link,0,PARALLEL_PARK,,,,,P_entry,96,
P_entry,47,,,,P1_reverse|P2_reverse,off,,0,163,parking,0,163,-13.38585907,-43.99075907,66.997396,FORWARD,37.288953836107,127.107642314493,0.0,base_link,0,PARALLEL_PARK,,,,,P_entry,97,
P_entry,48,,,,P1_reverse|P2_reverse,off,,0,163,parking,0,163,-13.31950389,-43.80286406,70.069915,FORWARD,37.288953836107,127.107642314493,0.0,base_link,0,PARALLEL_PARK,,,,,P_entry,98,
P_entry,49,,,,P1_reverse|P2_reverse,off,,0,163,parking,0,163,-13.24998101,-43.61601499,68.885580,FORWARD,37.288953836107,127.107642314493,0.0,base_link,0,PARALLEL_PARK,,,,,P_entry,99,
P_entry,50,,,,P1_reverse|P2_reverse,off,,0,163,parking,0,163,-13.17588014,-43.43093316,67.390862,FORWARD,37.288953836107,127.107642314493,0.0,base_link,0,PARALLEL_PARK,,,,,P_entry,100,
P_entry,51,,,,P1_reverse|P2_reverse,off,,0,163,parking,0,163,-13.09670753,-43.24796458,64.292578,FORWARD,37.288953836107,127.107642314493,0.0,base_link,0,PARALLEL_PARK,,,,,P_entry,101,
P_entry,52,,,,P1_reverse|P2_reverse,off,,0,163,parking,0,163,-13.00307883,-43.07199756,63.137252,FORWARD,37.288953836107,127.107642314493,0.0,base_link,0,PARALLEL_PARK,,,,,P_entry,102,
P_entry,53,,,,P1_reverse|P2_reverse,off,,0,163,parking,0,163,-12.91659887,-42.89237821,68.213709,FORWARD,37.288953836107,127.107642314493,0.0,base_link,0,PARALLEL_PARK,,,,,P_entry,103,
P_entry,54,,,,P1_reverse|P2_reverse,off,,0,163,parking,0,163,-12.85548785,-42.70273756,71.046618,FORWARD,37.288953836107,127.107642314493,0.0,base_link,0,PARALLEL_PARK,,,,,P_entry,104,
P_entry,55,,,,P1_reverse|P2_reverse,off,,0,163,parking,0,163,-12.78715883,-42.51546107,69.109428,FORWARD,37.288953836107,127.107642314493,0.0,base_link,0,PARALLEL_PARK,,,,,P_entry,105,
P_entry,56,,,,P1_reverse|P2_reverse,off,,0,163,parking,0,163,-12.71332766,-42.33027293,69.588900,FORWARD,37.288953836107,127.107642314493,0.0,base_link,0,PARALLEL_PARK,,,,,P_entry,106,
P_entry,57,,,,P1_reverse|P2_reverse,off,,0,163,parking,0,163,-12.64814283,-42.14187987,70.297628,FORWARD,37.288953836107,127.107642314493,0.0,base_link,0,PARALLEL_PARK,,,,,P_entry,107,
P_entry,58,,,,P1_reverse|P2_reverse,off,,0,163,parking,0,163,-12.57891496,-41.95492178,67.752218,FORWARD,37.288953836107,127.107642314493,0.0,base_link,0,PARALLEL_PARK,,,,,P_entry,108,
P_entry,59,,,,P1_reverse|P2_reverse,off,,0,163,parking,0,163,-12.49727538,-41.77306996,67.480183,FORWARD,37.288953836107,127.107642314493,0.0,base_link,0,PARALLEL_PARK,,,,,P_entry,109,
P_entry,60,,,,P1_reverse|P2_reverse,off,,0,163,parking,0,163,-12.42628483,-41.58680025,70.580807,FORWARD,37.288953836107,127.107642314493,0.0,base_link,0,PARALLEL_PARK,,,,,P_entry,110,
P_entry,61,,,,P1_reverse|P2_reverse,off,,0,163,parking,0,163,-12.36476166,-41.39717879,70.862396,FORWARD,37.288953836107,127.107642314493,0.0,base_link,0,PARALLEL_PARK,,,,,P_entry,111,
P_entry,62,,,,P1_reverse|P2_reverse,off,,0,163,parking,0,163,-12.29560075,-41.21020665,69.988883,FORWARD,37.288953836107,127.107642314493,0.0,base_link,0,PARALLEL_PARK,,,,,P_entry,112,
P_entry,63,,,,P1_reverse|P2_reverse,off,,0,163,parking,0,163,-12.22832036,-41.02253558,70.351462,FORWARD,37.288953836107,127.107642314493,0.0,base_link,0,PARALLEL_PARK,,,,,P_entry,113,
P_entry,64,,,,P1_reverse|P2_reverse,off,,0,163,parking,0,163,-12.16152649,-40.83468936,70.552273,FORWARD,37.288953836107,127.107642314493,0.0,base_link,0,PARALLEL_PARK,,,,,P_entry,114,
P_entry,65,,,,P1_reverse|P2_reverse,off,,0,163,parking,0,163,-12.09556284,-40.64655014,71.304750,FORWARD,37.288953836107,127.107642314493,0.0,base_link,0,PARALLEL_PARK,,,,,P_entry,115,
P_entry,66,,,,P1_reverse|P2_reverse,off,,0,163,parking,0,163,-12.03372666,-40.45701791,71.975804,FORWARD,37.288953836107,127.107642314493,0.0,base_link,0,PARALLEL_PARK,,,,,P_entry,116,
P_entry,67,,,,P1_reverse|P2_reverse,off,,0,163,parking,0,163,-11.97218763,-40.26738517,71.626373,FORWARD,37.288953836107,127.107642314493,0.0,base_link,0,PARALLEL_PARK,,,,,P_entry,117,
P_entry,68,,,,P1_reverse|P2_reverse,off,,0,163,parking,0,163,-11.90804360,-40.07861927,70.918661,FORWARD,37.288953836107,127.107642314493,0.0,base_link,0,PARALLEL_PARK,,,,,P_entry,118,
P_entry,69,,,,P1_reverse|P2_reverse,off,,0,163,parking,0,163,-11.84183945,-39.89056521,69.889989,FORWARD,37.288953836107,127.107642314493,0.0,base_link,0,PARALLEL_PARK,,,,,P_entry,119,
P_entry,70,,,,P1_reverse|P2_reverse,off,,0,163,parking,0,163,-11.77096123,-39.70422681,69.752679,FORWARD,37.288953836107,127.107642314493,0.0,base_link,0,PARALLEL_PARK,,,,,P_entry,120,
P_entry,71,,,,P1_reverse|P2_reverse,off,,0,163,parking,0,163,-11.70385764,-39.51649530,71.296204,FORWARD,37.288953836107,127.107642314493,0.0,base_link,0,PARALLEL_PARK,,,,,P_entry,121,
P_entry,72,,,,P1_reverse|P2_reverse,off,,0,163,parking,0,163,-11.64311838,-39.32661376,72.337871,FORWARD,37.288953836107,127.107642314493,0.0,base_link,0,PARALLEL_PARK,,,,,P_entry,122,
P_entry,73,,,,P1_reverse|P2_reverse,off,,0,163,parking,0,163,-11.58288245,-39.13656308,71.359283,FORWARD,37.288953836107,127.107642314493,0.0,base_link,0,PARALLEL_PARK,,,,,P_entry,123,
P_entry,74,,,,P1_reverse|P2_reverse,off,,0,163,parking,0,163,-11.51569453,-38.94886965,71.365096,FORWARD,37.288953836107,127.107642314493,0.0,base_link,0,PARALLEL_PARK,,,,,P_entry,124,
P_entry,75,,,,P1_reverse|P2_reverse,off,,0,163,parking,0,163,-11.45550157,-38.75881985,74.829067,FORWARD,37.288953836107,127.107642314493,0.0,base_link,0,PARALLEL_PARK,,,,,P_entry,125,
P_entry,76,,,,P1_reverse|P2_reverse,off,,0,163,parking,0,163,-11.41145547,-38.56443546,76.908304,FORWARD,37.288953836107,127.107642314493,0.0,base_link,0,PARALLEL_PARK,,,,,P_entry,126,
P_entry,77,,,,P1_reverse|P2_reverse,off,,0,163,parking,0,163,-11.36519855,-38.37051082,76.542828,FORWARD,37.288953836107,127.107642314493,0.0,base_link,0,PARALLEL_PARK,,,,,P_entry,127,
P_entry,78,,,,P1_reverse|P2_reverse,off,,0,163,parking,0,163,-11.31866291,-38.17664989,78.521886,FORWARD,37.288953836107,127.107642314493,0.0,base_link,0,PARALLEL_PARK,,,,,P_entry,128,
P_entry,79,,,,P1_reverse|P2_reverse,off,,0,163,parking,0,163,-11.28591070,-37.98003519,81.705757,FORWARD,37.288953836107,127.107642314493,0.0,base_link,0,PARALLEL_PARK,,,,,P_entry,129,
P_entry,80,,,,P1_reverse|P2_reverse,off,,0,163,parking,0,163,-11.26116225,-37.78221979,82.625814,FORWARD,37.288953836107,127.107642314493,0.0,base_link,0,PARALLEL_PARK,,,,,P_entry,130,
P_entry,81,,,,P1_reverse|P2_reverse,off,,0,163,parking,0,163,-11.23473537,-37.58461218,82.847565,FORWARD,37.288953836107,127.107642314493,0.0,base_link,0,PARALLEL_PARK,,,,,P_entry,131,
P_entry,82,,,,P1_reverse|P2_reverse,off,,0,163,parking,0,163,-11.21151791,-37.38660336,85.022563,FORWARD,37.288953836107,127.107642314493,0.0,base_link,0,PARALLEL_PARK,,,,,P_entry,132,
P_entry,83,,,,P1_reverse|P2_reverse,off,,0,163,parking,0,163,-11.20015799,-37.18759029,89.018581,FORWARD,37.288953836107,127.107642314493,0.0,base_link,0,PARALLEL_PARK,,,,,P_entry,133,
P_entry,84,,,,P1_reverse|P2_reverse,off,,0,163,parking,0,163,-11.20469514,-36.98832519,93.311826,FORWARD,37.288953836107,127.107642314493,0.0,base_link,0,PARALLEL_PARK,,,,,P_entry,134,
P_entry,85,,,,P1_reverse|P2_reverse,off,,0,163,parking,0,163,-11.22317376,-36.78985274,97.193740,FORWARD,37.288953836107,127.107642314493,0.0,base_link,0,PARALLEL_PARK,,,,,P_entry,135,
P_entry,86,,,,P1_reverse|P2_reverse,off,,0,163,parking,0,163,-11.25459125,-36.59300950,100.066346,FORWARD,37.288953836107,127.107642314493,0.0,base_link,0,PARALLEL_PARK,,,,,P_entry,136,
P_entry,87,,,,P1_reverse|P2_reverse,off,,0,163,parking,0,163,-11.29285040,-36.39735513,104.086080,FORWARD,37.288953836107,127.107642314493,0.0,base_link,0,PARALLEL_PARK,,,,,P_entry,137,
P_entry,88,,,,P1_reverse|P2_reverse,off,,0,163,parking,0,163,-11.35147389,-36.20690653,109.469583,FORWARD,37.288953836107,127.107642314493,0.0,base_link,0,PARALLEL_PARK,,,,,P_entry,138,
P_entry,89,,,,P1_reverse|P2_reverse,off,,0,163,parking,0,163,-11.42558846,-36.02188106,113.763598,FORWARD,37.288953836107,127.107642314493,0.0,base_link,0,PARALLEL_PARK,,,,,P_entry,139,
P_entry,90,,,,P1_reverse|P2_reverse,off,,0,163,parking,0,163,-11.51202383,-35.84226382,116.298921,FORWARD,37.288953836107,127.107642314493,0.0,base_link,0,PARALLEL_PARK,,,,,P_entry,140,
P_entry,91,,,,P1_reverse|P2_reverse,off,,0,163,parking,0,163,-11.60222374,-35.66446979,113.896883,FORWARD,37.288953836107,127.107642314493,0.0,base_link,0,PARALLEL_PARK,,,,,P_entry,141,
P_entry,92,,,,P1_reverse|P2_reverse,off,,0,163,parking,0,163,-11.67328057,-35.47831384,112.277235,FORWARD,37.288953836107,127.107642314493,0.0,base_link,0,PARALLEL_PARK,,,,,P_entry,142,
P_entry,93,,,,P1_reverse|P2_reverse,off,,0,163,parking,0,163,-11.75328048,-35.29573817,116.183595,FORWARD,37.288953836107,127.107642314493,0.0,base_link,0,PARALLEL_PARK,,,,,P_entry,143,
P_entry,94,,,,P1_reverse|P2_reverse,off,,0,163,parking,0,163,-11.84900697,-35.12093238,120.102285,FORWARD,37.288953836107,127.107642314493,0.0,base_link,0,PARALLEL_PARK,,,,,P_entry,144,
P_entry,95,,,,P1_reverse|P2_reverse,off,,0,163,parking,0,163,-11.95316304,-34.95095435,123.113617,FORWARD,37.288953836107,127.107642314493,0.0,base_link,0,PARALLEL_PARK,,,,,P_entry,145,
P_entry,96,,,,P1_reverse|P2_reverse,off,,0,163,parking,0,163,-12.06672611,-34.78712535,127.373435,FORWARD,37.288953836107,127.107642314493,0.0,base_link,0,PARALLEL_PARK,,,,,P_entry,146,
P_entry,97,,,,P1_reverse|P2_reverse,off,,0,163,parking,0,163,-12.19487701,-34.63450162,127.581657,FORWARD,37.288953836107,127.107642314493,0.0,base_link,0,PARALLEL_PARK,,,,,P_entry,147,
P_entry,98,,,,P1_reverse|P2_reverse,off,,0,163,parking,0,163,-12.30958887,-34.47155268,125.416026,FORWARD,37.288953836107,127.107642314493,0.0,base_link,0,PARALLEL_PARK,,,,,P_entry,148,
P_entry,99,,,,P1_reverse|P2_reverse,off,,0,163,parking,0,163,-12.42589042,-34.30962665,127.890711,FORWARD,37.288953836107,127.107642314493,0.0,base_link,0,PARALLEL_PARK,,,,,P_entry,149,
P_entry,100,,,,P1_reverse|P2_reverse,off,,0,163,parking,0,163,-12.55425592,-34.15715889,130.485274,FORWARD,37.288953836107,127.107642314493,0.0,base_link,0,PARALLEL_PARK,,,,,P_entry,150,
P_entry,101,,,,P1_reverse|P2_reverse,off,,0,163,parking,0,163,-12.68472638,-34.00641092,133.503613,FORWARD,37.288953836107,127.107642314493,0.0,base_link,0,PARALLEL_PARK,,,,,P_entry,151,
P_entry,102,,,,P1_reverse|P2_reverse,off,,0,163,parking,0,163,-12.82839608,-33.86831192,138.859377,FORWARD,37.288953836107,127.107642314493,0.0,base_link,0,PARALLEL_PARK,,,,,P_entry,152,
P_entry,103,,,,P1_reverse|P2_reverse,off,,0,163,parking,0,163,-12.98454783,-33.74448542,142.273209,FORWARD,37.288953836107,127.107642314493,0.0,base_link,0,PARALLEL_PARK,,,,,P_entry,153,
P_entry,104,,,,P1_reverse|P2_reverse,off,,0,163,parking,0,163,-13.14368490,-33.62439346,142.628733,FORWARD,37.288953836107,127.107642314493,0.0,base_link,0,PARALLEL_PARK,,,,,P_entry,154,
P_entry,105,,,,P1_reverse|P2_reverse,off,,0,163,parking,0,163,-13.30142238,-33.50246823,141.788438,FORWARD,37.288953836107,127.107642314493,0.0,base_link,0,PARALLEL_PARK,,,,,P_entry,155,
P_entry,106,,,,P1_reverse|P2_reverse,off,,0,163,parking,0,163,-13.45696853,-33.37776116,140.649628,FORWARD,37.288953836107,127.107642314493,0.0,base_link,0,PARALLEL_PARK,,,,,P_entry,156,
P_entry,107,,,,P1_reverse|P2_reverse,off,,0,163,parking,0,163,-13.60973389,-33.24966522,140.109047,FORWARD,37.288953836107,127.107642314493,0.0,base_link,0,PARALLEL_PARK,,,,,P_entry,157,
P_entry,108,,,,P1_reverse|P2_reverse,off,,0,163,parking,0,163,-13.76290130,-33.12204372,141.207664,FORWARD,37.288953836107,127.107642314493,0.0,base_link,0,PARALLEL_PARK,,,,,P_entry,158,
P_entry,109,,,,P1_reverse|P2_reverse,off,,0,163,parking,0,163,-13.92045855,-32.99990461,142.792059,FORWARD,37.288953836107,127.107642314493,0.0,base_link,0,PARALLEL_PARK,,,,,P_entry,159,
P_entry,110,,,,P1_reverse|P2_reverse,off,,0,163,parking,0,163,-14.08044406,-32.88094628,143.848856,FORWARD,37.288953836107,127.107642314493,0.0,base_link,0,PARALLEL_PARK,,,,,P_entry,160,
P_entry,111,,,,P1_reverse|P2_reverse,off,,0,163,parking,0,163,-14.24240764,-32.76469480,144.563001,FORWARD,37.288953836107,127.107642314493,0.0,base_link,0,PARALLEL_PARK,,,,,P_entry,161,
P_entry,112,,,,P1_reverse|P2_reverse,off,,0,163,parking,0,163,-14.40531061,-32.64975976,143.758086,FORWARD,37.288953836107,127.107642314493,0.0,base_link,0,PARALLEL_PARK,,,,,P_entry,162,
P_entry,113,,,,P1_reverse|P2_reverse,off,,0,163,parking,0,163,-14.56393369,-32.52901192,142.497711,FORWARD,37.288953836107,127.107642314493,0.0,base_link,0,PARALLEL_PARK,,,,,P_entry,163,
P_entry,114,,,,P1_reverse|P2_reverse,off,,0,163,parking,0,163,-14.72162451,-32.40702350,143.364325,FORWARD,37.288953836107,127.107642314493,0.0,base_link,0,PARALLEL_PARK,,,,,P_entry,164,
P_entry,115,,,,P1_reverse|P2_reverse,off,,0,163,parking,0,163,-14.88382603,-32.29112972,144.594145,FORWARD,37.288953836107,127.107642314493,0.0,base_link,0,PARALLEL_PARK,,,,,P_entry,165,
P_entry,116,,,,P1_reverse|P2_reverse,off,,0,163,parking,0,163,-15.04660669,-32.17602069,144.275667,FORWARD,37.288953836107,127.107642314493,0.0,base_link,0,PARALLEL_PARK,,,,,P_entry,166,
P_entry,117,,,,P1_reverse|P2_reverse,off,,0,163,parking,0,163,-15.20752138,-32.05832250,143.808918,FORWARD,37.288953836107,127.107642314493,0.0,base_link,0,PARALLEL_PARK,,,,,P_entry,167,
P_entry,118,,,,P1_reverse|P2_reverse,off,,0,163,parking,0,163,-15.36840507,-31.94057679,143.700628,FORWARD,37.288953836107,127.107642314493,0.0,base_link,0,PARALLEL_PARK,,,,,P_entry,168,
P_entry,119,,,,P1_reverse|P2_reverse,off,,0,163,parking,0,163,-15.52887605,-31.82226944,144.114066,FORWARD,37.288953836107,127.107642314493,0.0,base_link,0,PARALLEL_PARK,,,,,P_entry,169,
P_entry,120,,,,P1_reverse|P2_reverse,off,,0,163,parking,0,163,-15.69143890,-31.70686014,148.008491,FORWARD,37.288953836107,127.107642314493,0.0,base_link,0,PARALLEL_PARK,,,,,P_entry,170,
P_entry,121,,,,P1_reverse|P2_reverse,off,,0,163,parking,0,163,-15.86632323,-31.61147857,149.096265,FORWARD,37.288953836107,127.107642314493,0.0,base_link,0,PARALLEL_PARK,,,,,P_entry,171,
P_entry,122,,,,P1_reverse|P2_reverse,off,,0,163,parking,0,163,-16.03305761,-31.50237531,144.300778,FORWARD,37.288953836107,127.107642314493,0.0,base_link,0,PARALLEL_PARK,,,,,P_entry,172,
P_entry,123,,,,P1_reverse|P2_reverse,off,,0,163,parking,0,163,-16.18967858,-31.37913084,144.101610,FORWARD,37.288953836107,127.107642314493,0.0,base_link,0,PARALLEL_PARK,,,,,P_entry,173,
P_entry,124,,,,P1_reverse|P2_reverse,off,,0,163,parking,0,163,-16.35565774,-31.26886557,146.115610,FORWARD,37.288953836107,127.107642314493,0.0,base_link,0,PARALLEL_PARK,,,,,P_entry,174,
P_entry,125,,,,P1_reverse|P2_reverse,off,,0,163,parking,0,163,-16.52060263,-31.15688995,145.363943,FORWARD,37.288953836107,127.107642314493,0.0,base_link,0,PARALLEL_PARK,,,,,P_entry,175,
P_entry,126,,,,P1_reverse|P2_reverse,off,,0,163,parking,0,163,-16.68371202,-31.04225125,145.066559,FORWARD,37.288953836107,127.107642314493,0.0,base_link,0,PARALLEL_PARK,,,,,P_entry,176,
P_entry,127,,,,P1_reverse|P2_reverse,off,,0,163,parking,0,163,-16.84748973,-30.92856660,144.898039,FORWARD,37.288953836107,127.107642314493,0.0,base_link,0,PARALLEL_PARK,,,,,P_entry,177,
P_entry,128,,,,P1_reverse|P2_reverse,off,,0,163,parking,0,163,-17.00992214,-30.81297026,147.660838,FORWARD,37.288953836107,127.107642314493,0.0,base_link,0,PARALLEL_PARK,,,,,P_entry,178,
P_entry,129,,,,P1_reverse|P2_reverse,off,,0,163,parking,0,163,-17.18375424,-30.71566717,152.006874,FORWARD,37.288953836107,127.107642314493,0.0,base_link,0,PARALLEL_PARK,,,,,P_entry,179,
P_entry,130,,,,P1_reverse|P2_reverse,off,,0,163,parking,0,163,-17.36177723,-30.62593973,150.738061,FORWARD,37.288953836107,127.107642314493,0.0,base_link,0,PARALLEL_PARK,,,,,P_entry,180,
P_entry,131,,,,P1_reverse|P2_reverse,off,,0,163,parking,0,163,-17.53116932,-30.52101027,148.023718,FORWARD,37.288953836107,127.107642314493,0.0,base_link,0,PARALLEL_PARK,,,,,P_entry,181,
P_entry,132,,,,P1_reverse|P2_reverse,off,,0,163,parking,0,163,-17.69991664,-30.41484136,147.889291,FORWARD,37.288953836107,127.107642314493,0.0,base_link,0,PARALLEL_PARK,,,,,P_entry,182,
P_entry,133,,,,P1_reverse|P2_reverse,off,,0,163,parking,0,163,-17.86890731,-30.30905965,148.837211,FORWARD,37.288953836107,127.107642314493,0.0,base_link,0,PARALLEL_PARK,,,,,P_entry,183,
P_entry,134,,,,P1_reverse|P2_reverse,off,,0,163,parking,0,163,-18.04106419,-30.20853776,150.401221,FORWARD,37.288953836107,127.107642314493,0.0,base_link,0,PARALLEL_PARK,,,,,P_entry,184,
P_entry,135,,,,P1_reverse|P2_reverse,off,,0,163,parking,0,163,-18.21557061,-30.11213726,151.895133,FORWARD,37.288953836107,127.107642314493,0.0,base_link,0,PARALLEL_PARK,,,,,P_entry,185,
P_entry,136,,,,P1_reverse|P2_reverse,off,,0,163,parking,0,163,-18.39273628,-30.02072397,153.413872,FORWARD,37.288953836107,127.107642314493,0.0,base_link,0,PARALLEL_PARK,,,,,P_entry,186,
P_entry,137,,,,P1_reverse|P2_reverse,off,,0,163,parking,0,163,-18.57210487,-29.93370615,154.327851,FORWARD,37.288953836107,127.107642314493,0.0,base_link,0,PARALLEL_PARK,,,,,P_entry,187,
P_entry,138,,,,P1_reverse|P2_reverse,off,,0,163,parking,0,163,-18.75210417,-29.84798698,154.221442,FORWARD,37.288953836107,127.107642314493,0.0,base_link,0,PARALLEL_PARK,,,,,P_entry,188,
P_entry,139,,,,P1_reverse|P2_reverse,off,,0,163,parking,0,163,-18.93115215,-29.76030166,153.542541,FORWARD,37.288953836107,127.107642314493,0.0,base_link,0,PARALLEL_PARK,,,,,P_entry,189,
P_entry,140,,,,P1_reverse|P2_reverse,off,,0,163,parking,0,163,-19.10906841,-29.67034197,153.468703,FORWARD,37.288953836107,127.107642314493,0.0,base_link,0,PARALLEL_PARK,,,,,P_entry,190,
P_entry,141,,,,P1_reverse|P2_reverse,off,,0,163,parking,0,163,-19.28788972,-29.58219550,153.496705,FORWARD,37.288953836107,127.107642314493,0.0,base_link,0,PARALLEL_PARK,,,,,P_entry,191,
P_entry,142,,,,P1_reverse|P2_reverse,off,,0,163,parking,0,163,-19.46589389,-29.49240972,152.802609,FORWARD,37.288953836107,127.107642314493,0.0,base_link,0,PARALLEL_PARK,,,,,P_entry,192,
P_entry,143,,,,P1_reverse|P2_reverse,off,,0,163,parking,0,163,-19.64252668,-29.39995727,151.749224,FORWARD,37.288953836107,127.107642314493,0.0,base_link,0,PARALLEL_PARK,,,,,P_entry,193,
P_entry,144,,,,P1_reverse|P2_reverse,off,,0,163,parking,0,163,-19.81710638,-29.30369032,149.604350,FORWARD,37.288953836107,127.107642314493,0.0,base_link,0,PARALLEL_PARK,,,,,P_entry,194,
P_entry,145,,,,P1_reverse|P2_reverse,off,,0,163,parking,0,163,-19.98629984,-29.19830183,146.597134,FORWARD,37.288953836107,127.107642314493,0.0,base_link,0,PARALLEL_PARK,,,,,P_entry,195,
P_entry,146,,,,P1_reverse|P2_reverse,off,,0,163,parking,0,163,-20.14981347,-29.08428653,143.650029,FORWARD,37.288953836107,127.107642314493,0.0,base_link,0,PARALLEL_PARK,,,,,P_entry,196,
P_entry,147,,,,P1_reverse|P2_reverse,off,,0,163,parking,0,163,-20.30729562,-28.96207569,140.527730,FORWARD,37.288953836107,127.107642314493,0.0,base_link,0,PARALLEL_PARK,,,,,P_entry,197,
P_entry,148,,,,P1_reverse|P2_reverse,off,,0,163,parking,0,163,-20.45742956,-28.83095734,138.482705,FORWARD,37.288953836107,127.107642314493,0.0,base_link,0,PARALLEL_PARK,,,,,P_entry,198,
P_entry,149,,,,P1_reverse|P2_reverse,off,,0,163,parking,0,163,-20.60581551,-28.69780692,138.262847,FORWARD,37.288953836107,127.107642314493,0.0,base_link,0,PARALLEL_PARK,,,,,P_entry,199,
P_entry,150,,,,P1_reverse|P2_reverse,off,,0,163,parking,0,163,-20.75496702,-28.56551484,138.692358,FORWARD,37.288953836107,127.107642314493,0.0,base_link,0,PARALLEL_PARK,,,,,P_entry,200,
P_entry,151,,,,P1_reverse|P2_reverse,off,,0,163,parking,0,163,-20.90533213,-28.43460434,139.647595,FORWARD,37.288953836107,127.107642314493,0.0,base_link,0,PARALLEL_PARK,,,,,P_entry,201,
P_entry,152,,,,P1_reverse|P2_reverse,off,,0,163,parking,0,163,-21.05880560,-28.30736285,142.080566,FORWARD,37.288953836107,127.107642314493,0.0,base_link,0,PARALLEL_PARK,,,,,P_entry,202,
P_entry,153,,,,P1_reverse|P2_reverse,off,,0,163,parking,0,163,-21.21952818,-28.18983819,149.106769,FORWARD,37.288953836107,127.107642314493,0.0,base_link,0,PARALLEL_PARK,,,,,P_entry,203,
P_entry,154,,,,P1_reverse|P2_reverse,off,,0,163,parking,0,163,-21.39907266,-28.10377180,158.870828,FORWARD,37.288953836107,127.107642314493,0.0,base_link,0,PARALLEL_PARK,,,,,P_entry,204,
P_entry,155,,,,P1_reverse|P2_reverse,off,,0,163,parking,0,163,-21.58992975,-28.04669541,166.648998,FORWARD,37.288953836107,127.107642314493,0.0,base_link,0,PARALLEL_PARK,,,,,P_entry,205,
P_entry,156,,,,P1_reverse|P2_reverse,off,,0,163,parking,0,163,-21.78615945,-28.01190446,172.156163,FORWARD,37.288953836107,127.107642314493,0.0,base_link,0,PARALLEL_PARK,,,,,P_entry,206,
P_entry,157,,,,P1_reverse|P2_reverse,off,,0,163,parking,0,163,-21.98453389,-27.99233376,175.643183,FORWARD,37.288953836107,127.107642314493,0.0,base_link,0,PARALLEL_PARK,,,,,P_entry,207,
P_entry,158,,,,P1_reverse|P2_reverse,off,,0,163,parking,0,163,-22.18360614,-27.98162391,177.411587,FORWARD,37.288953836107,127.107642314493,0.0,base_link,0,PARALLEL_PARK,,,,,P_entry,208,
P_entry,159,,,,P1_reverse|P2_reverse,off,,0,163,parking,0,163,-22.38284043,-27.97432748,177.661469,FORWARD,37.288953836107,127.107642314493,0.0,base_link,0,PARALLEL_PARK,,,,,P_entry,209,
P_entry,160,,,,P1_reverse|P2_reverse,off,,0,163,parking,0,163,-22.58200254,-27.96535431,176.446610,FORWARD,37.288953836107,127.107642314493,0.0,base_link,0,PARALLEL_PARK,,,,,P_entry,210,
P_entry,161,,,,P1_reverse|P2_reverse,off,,0,163,parking,0,163,-22.78072958,-27.94961936,175.352337,FORWARD,37.288953836107,127.107642314493,0.0,base_link,0,PARALLEL_PARK,,,,,P_entry,211,
P_entry,162,,,,P1_reverse|P2_reverse,off,,0,163,parking,0,163,-22.98117073,-27.93290376,169.162494,FORWARD,37.288953836107,127.107642314493,0.0,base_link,0,PARALLEL_PARK,,,,,P_entry,212,
P_entry,163,,,,P1_reverse|P2_reverse,off,,0,163,parking,0,163,-23.17176126,-27.87476076,163.034749,FORWARD,37.288953836107,127.107642314493,0.0,base_link,0,PARALLEL_PARK,,,,,P_entry,213,
P1_reverse,0,P,1,once,P1_exit,off,,0,51,off,0,51,-23.17176126,-27.87476076,163.03474900,REVERSE,37.288953836107,127.107642314493,0.0,base_link,0,,,,,,P1_reverse,0,
P1_reverse,1,P,1,once,P1_exit,off,,0,51,off,0,51,-22.98051559,-27.93249547,163.52962941,REVERSE,37.288953836107,127.107642314493,0.0,base_link,0,,,,,,P1_reverse,1,
P1_reverse,2,P,1,once,P1_exit,off,,0,51,off,0,51,-22.78833518,-27.98702205,164.93226622,REVERSE,37.288953836107,127.107642314493,0.0,base_link,0,,,,,,P1_reverse,2,
P1_reverse,3,P,1,once,P1_exit,off,,0,51,off,0,51,-22.59453439,-28.03544506,167.13535946,REVERSE,37.288953836107,127.107642314493,0.0,base_link,0,,,,,,P1_reverse,3,
P1_reverse,4,P,1,once,P1_exit,off,,0,51,off,0,51,-22.39877281,-28.07516078,170.03449533,REVERSE,37.288953836107,127.107642314493,0.0,base_link,0,,,,,,P1_reverse,4,
P1_reverse,5,P,1,once,P1_exit,off,,0,51,off,0,51,-22.20110975,-28.10389291,173.50891930,REVERSE,37.288953836107,127.107642314493,0.0,base_link,0,,,,,,P1_reverse,5,
P1_reverse,6,P,1,once,P1_exit,off,,0,51,off,0,51,-22.00201208,-28.11980323,177.41057789,REVERSE,37.288953836107,127.107642314493,0.0,base_link,0,,,,,,P1_reverse,6,
P1_reverse,7,P,1,once,P1_exit,off,,0,51,off,0,51,-21.80229328,-28.12163401,-178.43406482,REVERSE,37.288953836107,127.107642314493,0.0,base_link,0,,,,,,P1_reverse,7,
P1_reverse,8,P,1,once,P1_exit,off,,0,51,off,0,51,-21.60297948,-28.10881352,-174.20840674,REVERSE,37.288953836107,127.107642314493,0.0,base_link,0,,,,,,P1_reverse,8,
P1_reverse,9,P,1,once,P1_exit,off,,0,51,off,0,51,-21.40513246,-28.08146834,-170.08229515,REVERSE,37.288953836107,127.107642314493,0.0,base_link,0,,,,,,P1_reverse,9,
P1_reverse,10,P,1,once,P1_exit,off,,0,51,off,0,51,-21.20968322,-28.04032577,-166.19114314,REVERSE,37.288953836107,127.107642314493,0.0,base_link,0,,,,,,P1_reverse,10,
P1_reverse,11,P,1,once,P1_exit,off,,0,51,off,0,51,-21.01732233,-27.98654036,-162.62561954,REVERSE,37.288953836107,127.107642314493,0.0,base_link,0,,,,,,P1_reverse,11,
P1_reverse,12,P,1,once,P1_exit,off,,0,51,off,0,51,-20.82846259,-27.92150085,-159.43320133,REVERSE,37.288953836107,127.107642314493,0.0,base_link,0,,,,,,P1_reverse,12,
P1_reverse,13,P,1,once,P1_exit,off,,0,51,off,0,51,-20.64325900,-27.84666691,-156.62736592,REVERSE,37.288953836107,127.107642314493,0.0,base_link,0,,,,,,P1_reverse,13,
P1_reverse,14,P,1,once,P1_exit,off,,0,51,off,0,51,-20.46165893,-27.76345687,-154.19904336,REVERSE,37.288953836107,127.107642314493,0.0,base_link,0,,,,,,P1_reverse,14,
P1_reverse,15,P,1,once,P1_exit,off,,0,51,off,0,51,-20.28345924,-27.67318513,-152.12672817,REVERSE,37.288953836107,127.107642314493,0.0,base_link,0,,,,,,P1_reverse,15,
P1_reverse,16,P,1,once,P1_exit,off,,0,51,off,0,51,-20.10835665,-27.57703695,-150.38389796,REVERSE,37.288953836107,127.107642314493,0.0,base_link,0,,,,,,P1_reverse,16,
P1_reverse,17,P,1,once,P1_exit,off,,0,51,off,0,51,-19.93598597,-27.47606805,-148.94374277,REVERSE,37.288953836107,127.107642314493,0.0,base_link,0,,,,,,P1_reverse,17,
P1_reverse,18,P,1,once,P1_exit,off,,0,51,off,0,51,-19.76594716,-27.37121624,-147.78196228,REVERSE,37.288953836107,127.107642314493,0.0,base_link,0,,,,,,P1_reverse,18,
P1_reverse,19,P,1,once,P1_exit,off,,0,51,off,0,51,-19.59782192,-27.26332025,-146.87818980,REVERSE,37.288953836107,127.107642314493,0.0,base_link,0,,,,,,P1_reverse,19,
P1_reverse,20,P,1,once,P1_exit,off,,0,51,off,0,51,-19.43118319,-27.15314060,-146.21664638,REVERSE,37.288953836107,127.107642314493,0.0,base_link,0,,,,,,P1_reverse,20,
P1_reverse,21,P,1,once,P1_exit,off,,0,51,off,0,51,-19.26559982,-27.04138001,-145.78647486,REVERSE,37.288953836107,127.107642314493,0.0,base_link,0,,,,,,P1_reverse,21,
P1_reverse,22,P,1,once,P1_exit,off,,0,51,off,0,51,-19.10063728,-26.92870443,-145.58182573,REVERSE,37.288953836107,127.107642314493,0.0,base_link,0,,,,,,P1_reverse,22,
P1_reverse,23,P,1,once,P1_exit,off,,0,51,off,0,51,-18.93585655,-26.81576294,-145.60202999,REVERSE,37.288953836107,127.107642314493,0.0,base_link,0,,,,,,P1_reverse,23,
P1_reverse,24,P,1,once,P1_exit,off,,0,51,off,0,51,-18.77081153,-26.70320831,-145.85182754,REVERSE,37.288953836107,127.107642314493,0.0,base_link,0,,,,,,P1_reverse,24,
P1_reverse,25,P,1,once,P1_exit,off,,0,51,off,0,51,-18.60504599,-26.59171835,-146.34171190,REVERSE,37.288953836107,127.107642314493,0.0,base_link,0,,,,,,P1_reverse,25,
P1_reverse,26,P,1,once,P1_exit,off,,0,51,off,0,51,-18.43809082,-26.48201934,-147.08848735,REVERSE,37.288953836107,127.107642314493,0.0,base_link,0,,,,,,P1_reverse,26,
P1_reverse,27,P,1,once,P1_exit,off,,0,51,off,0,51,-18.26946263,-26.37491222,-148.11589533,REVERSE,37.288953836107,127.107642314493,0.0,base_link,0,,,,,,P1_reverse,27,
P1_reverse,28,P,1,once,P1_exit,off,,0,51,off,0,51,-18.09866529,-26.27130278,-149.45531665,REVERSE,37.288953836107,127.107642314493,0.0,base_link,0,,,,,,P1_reverse,28,
P1_reverse,29,P,1,once,P1_exit,off,,0,51,off,0,51,-17.92519665,-26.17223611,-151.14623920,REVERSE,37.288953836107,127.107642314493,0.0,base_link,0,,,,,,P1_reverse,29,
P1_reverse,30,P,1,once,P1_exit,off,,0,51,off,0,51,-17.74856485,-26.07893416,-153.23596572,REVERSE,37.288953836107,127.107642314493,0.0,base_link,0,,,,,,P1_reverse,30,
P1_reverse,31,P,1,once,P1_exit,off,,0,51,off,0,51,-17.56831903,-25.99283324,-155.77761892,REVERSE,37.288953836107,127.107642314493,0.0,base_link,0,,,,,,P1_reverse,31,
P1_reverse,32,P,1,once,P1_exit,off,,0,51,off,0,51,-17.38410227,-25.91561118,-158.82469882,REVERSE,37.288953836107,127.107642314493,0.0,base_link,0,,,,,,P1_reverse,32,
P1_reverse,33,P,1,once,P1_exit,off,,0,51,off,0,51,-17.19573312,-25.84918501,-162.41977427,REVERSE,37.288953836107,127.107642314493,0.0,base_link,0,,,,,,P1_reverse,33,
P1_reverse,34,P,1,once,P1_exit,off,,0,51,off,0,51,-17.00331515,-25.79564728,-166.57498908,REVERSE,37.288953836107,127.107642314493,0.0,base_link,0,,,,,,P1_reverse,34,
P1_reverse,35,P,1,once,P1_exit,off,,0,51,off,0,51,-16.80735515,-25.75709810,-171.24466888,REVERSE,37.288953836107,127.107642314493,0.0,base_link,0,,,,,,P1_reverse,35,
P1_reverse,36,P,1,once,P1_exit,off,,0,51,off,0,51,-16.60883694,-25.73534759,-176.29784274,REVERSE,37.288953836107,127.107642314493,0.0,base_link,0,,,,,,P1_reverse,36,
P1_reverse,37,P,1,once,P1_exit,off,,0,51,off,0,51,-16.40917157,-25.73151904,178.49208701,REVERSE,37.288953836107,127.107642314493,0.0,base_link,0,,,,,,P1_reverse,37,
P1_reverse,38,P,1,once,P1_exit,off,,0,51,off,0,51,-16.20996886,-25.74568461,173.42289858,REVERSE,37.288953836107,127.107642314493,0.0,base_link,0,,,,,,P1_reverse,38,
P1_reverse,39,P,1,once,P1_exit,off,,0,51,off,0,51,-16.01267543,-25.77670310,168.80740976,REVERSE,37.288953836107,127.107642314493,0.0,base_link,0,,,,,,P1_reverse,39,
P1_reverse,40,P,1,once,P1_exit,off,,0,51,off,0,51,-15.81822643,-25.82233947,164.91623717,REVERSE,37.288953836107,127.107642314493,0.0,base_link,0,,,,,,P1_reverse,40,
P1_reverse,41,P,1,once,P1_exit,off,,0,51,off,0,51,-15.62685216,-25.87957087,161.95310524,REVERSE,37.288953836107,127.107642314493,0.0,base_link,0,,,,,,P1_reverse,41,
P1_reverse,42,P,1,once,P1_exit,off,,0,51,off,0,51,-15.43806886,-25.94488328,160.07095681,REVERSE,37.288953836107,127.107642314493,0.0,base_link,0,,,,,,P1_reverse,42,
P1_reverse,43,P,1,once,P1_exit,off,,0,51,off,0,51,-15.25078711,-26.01440699,159.41441158,REVERSE,37.288953836107,127.107642314493,0.0,base_link,0,,,,,,P1_reverse,43,
P1_reverse,44,P,1,once,P1_exit,off,,0,51,off,0,51,-15.06377185,-26.08464773,159.41441158,REVERSE,37.288953836107,127.107642314493,0.0,base_link,0,,,,,,P1_reverse,44,
P1_reverse,45,P,1,once,P1_exit,off,,0,51,off,0,51,-14.87675659,-26.15488846,159.41441158,REVERSE,37.288953836107,127.107642314493,0.0,base_link,0,,,,,,P1_reverse,45,
P1_reverse,46,P,1,once,P1_exit,off,,0,51,off,0,51,-14.68974133,-26.22512920,159.41441158,REVERSE,37.288953836107,127.107642314493,0.0,base_link,0,,,,,,P1_reverse,46,
P1_reverse,47,P,1,once,P1_exit,off,,0,51,off,0,51,-14.50272607,-26.29536993,159.41441158,REVERSE,37.288953836107,127.107642314493,0.0,base_link,0,,,,,,P1_reverse,47,
P1_reverse,48,P,1,once,P1_exit,off,,0,51,off,0,51,-14.31571080,-26.36561067,159.41441158,REVERSE,37.288953836107,127.107642314493,0.0,base_link,0,,,,,,P1_reverse,48,
P1_reverse,49,P,1,once,P1_exit,off,,0,51,off,0,51,-14.12869554,-26.43585140,159.41441158,REVERSE,37.288953836107,127.107642314493,0.0,base_link,0,,,,,,P1_reverse,49,
P1_reverse,50,P,1,once,P1_exit,off,,0,51,off,0,51,-13.94168028,-26.50609214,159.41441158,REVERSE,37.288953836107,127.107642314493,0.0,base_link,0,,,,,,P1_reverse,50,
P1_reverse,51,P,1,once,P1_exit,off,,0,51,off,0,51,-13.75466502,-26.57633287,159.41441158,REVERSE,37.288953836107,127.107642314493,0.0,base_link,0,,,,,,P1_reverse,51,
P1_exit,0,P,1,locked,,off,,0,75,off,0,75,-13.75466502,-26.57633287,159.41441158,FORWARD,37.288953836107,127.107642314493,0.0,base_link,0,,,,,,P1_exit,0,
P1_exit,1,P,1,locked,,off,,0,75,off,0,75,-13.94164067,-26.50610701,159.41441158,FORWARD,37.288953836107,127.107642314493,0.0,base_link,0,,,,,,P1_exit,1,
P1_exit,2,P,1,locked,,off,,0,75,off,0,75,-14.12861632,-26.43588116,159.41441158,FORWARD,37.288953836107,127.107642314493,0.0,base_link,0,,,,,,P1_exit,2,
P1_exit,3,P,1,locked,,off,,0,75,off,0,75,-14.31559197,-26.36565530,159.41441158,FORWARD,37.288953836107,127.107642314493,0.0,base_link,0,,,,,,P1_exit,3,
P1_exit,4,P,1,locked,,off,,0,75,off,0,75,-14.50256762,-26.29542944,159.41441158,FORWARD,37.288953836107,127.107642314493,0.0,base_link,0,,,,,,P1_exit,4,
P1_exit,5,P,1,locked,,off,,0,75,off,0,75,-14.68954327,-26.22520359,159.41441158,FORWARD,37.288953836107,127.107642314493,0.0,base_link,0,,,,,,P1_exit,5,
P1_exit,6,P,1,locked,,off,,0,75,off,0,75,-14.87665091,-26.15533097,159.73808402,FORWARD,37.288953836107,127.107642314493,0.0,base_link,0,,,,,,P1_exit,6,
P1_exit,7,P,1,locked,,off,,0,75,off,0,75,-15.06451833,-26.08753343,160.67081847,FORWARD,37.288953836107,127.107642314493,0.0,base_link,0,,,,,,P1_exit,7,
P1_exit,8,P,1,locked,,off,,0,75,off,0,75,-15.25377227,-26.02371889,162.14747024,FORWARD,37.288953836107,127.107642314493,0.0,base_link,0,,,,,,P1_exit,8,
P1_exit,9,P,1,locked,,off,,0,75,off,0,75,-15.44485500,-25.96562360,164.10552710,FORWARD,37.288953836107,127.107642314493,0.0,base_link,0,,,,,,P1_exit,9,
P1_exit,10,P,1,locked,,off,,0,75,off,0,75,-15.63799736,-25.91481139,166.47884096,FORWARD,37.288953836107,127.107642314493,0.0,base_link,0,,,,,,P1_exit,10,
P1_exit,11,P,1,locked,,off,,0,75,off,0,75,-15.83320514,-25.87264488,169.19321687,FORWARD,37.288953836107,127.107642314493,0.0,base_link,0,,,,,,P1_exit,11,
P1_exit,12,P,1,locked,,off,,0,75,off,0,75,-16.03026467,-25.84023878,172.16492715,FORWARD,37.288953836107,127.107642314493,0.0,base_link,0,,,,,,P1_exit,12,
P1_exit,13,P,1,locked,,off,,0,75,off,0,75,-16.22877151,-25.81840725,175.30274289,FORWARD,37.288953836107,127.107642314493,0.0,base_link,0,,,,,,P1_exit,13,
P1_exit,14,P,1,locked,,off,,0,75,off,0,75,-16.42818293,-25.80762755,178.51328637,FORWARD,37.288953836107,127.107642314493,0.0,base_link,0,,,,,,P1_exit,14,
P1_exit,15,P,1,locked,,off,,0,75,off,0,75,-16.62788535,-25.80803001,-178.29187936,FORWARD,37.288953836107,127.107642314493,0.0,base_link,0,,,,,,P1_exit,15,
P1_exit,16,P,1,locked,,off,,0,75,off,0,75,-16.82726454,-25.81942072,-175.18944778,FORWARD,37.288953836107,127.107642314493,0.0,base_link,0,,,,,,P1_exit,16,
P1_exit,17,P,1,locked,,off,,0,75,off,0,75,-17.02576509,-25.84133602,-172.23973944,FORWARD,37.288953836107,127.107642314493,0.0,base_link,0,,,,,,P1_exit,17,
P1_exit,18,P,1,locked,,off,,0,75,off,0,75,-17.22293050,-25.87311142,-169.48505950,FORWARD,37.288953836107,127.107642314493,0.0,base_link,0,,,,,,P1_exit,18,
P1_exit,19,P,1,locked,,off,,0,75,off,0,75,-17.41842169,-25.91395567,-166.95080401,FORWARD,37.288953836107,127.107642314493,0.0,base_link,0,,,,,,P1_exit,19,
P1_exit,20,P,1,locked,,off,,0,75,off,0,75,-17.61201773,-25.96301450,-164.64828312,FORWARD,37.288953836107,127.107642314493,0.0,base_link,0,,,,,,P1_exit,20,
P1_exit,21,P,1,locked,,off,,0,75,off,0,75,-17.80360406,-26.01942289,-162.57830076,FORWARD,37.288953836107,127.107642314493,0.0,base_link,0,,,,,,P1_exit,21,
P1_exit,22,P,1,locked,,off,,0,75,off,0,75,-17.99315536,-26.08233891,-160.73453510,FORWARD,37.288953836107,127.107642314493,0.0,base_link,0,,,,,,P1_exit,22,
P1_exit,23,P,1,locked,,off,,0,75,off,0,75,-18.18071677,-26.15096540,-159.10640221,FORWARD,37.288953836107,127.107642314493,0.0,base_link,0,,,,,,P1_exit,23,
P1_exit,24,P,1,locked,,off,,0,75,off,0,75,-18.36638610,-26.22456165,-157.68126396,FORWARD,37.288953836107,127.107642314493,0.0,base_link,0,,,,,,P1_exit,24,
P1_exit,25,P,1,locked,,off,,0,75,off,0,75,-18.55029954,-26.30244531,-156.44590242,FORWARD,37.288953836107,127.107642314493,0.0,base_link,0,,,,,,P1_exit,25,
P1_exit,26,P,1,locked,,off,,0,75,off,0,75,-18.73261971,-26.38399152,-155.38755664,FORWARD,37.288953836107,127.107642314493,0.0,base_link,0,,,,,,P1_exit,26,
P1_exit,27,P,1,locked,,off,,0,75,off,0,75,-18.91352693,-26.46862801,-154.49452539,FORWARD,37.288953836107,127.107642314493,0.0,base_link,0,,,,,,P1_exit,27,
P1_exit,28,P,1,locked,,off,,0,75,off,0,75,-19.09321298,-26.55582856,-153.75650073,FORWARD,37.288953836107,127.107642314493,0.0,base_link,0,,,,,,P1_exit,28,
P1_exit,29,P,1,locked,,off,,0,75,off,0,75,-19.27187654,-26.64510646,-153.16475779,FORWARD,37.288953836107,127.107642314493,0.0,base_link,0,,,,,,P1_exit,29,
P1_exit,30,P,1,locked,,off,,0,75,off,0,75,-19.44972023,-26.73600738,-152.71222920,FORWARD,37.288953836107,127.107642314493,0.0,base_link,0,,,,,,P1_exit,30,
P1_exit,31,P,1,locked,,off,,0,75,off,0,75,-19.62694893,-26.82810217,-152.39350590,FORWARD,37.288953836107,127.107642314493,0.0,base_link,0,,,,,,P1_exit,31,
P1_exit,32,P,1,locked,,off,,0,75,off,0,75,-19.80376866,-26.92098011,-152.20482119,FORWARD,37.288953836107,127.107642314493,0.0,base_link,0,,,,,,P1_exit,32,
P1_exit,33,P,1,locked,,off,,0,75,off,0,75,-19.98038603,-27.01424245,-152.14405906,FORWARD,37.288953836107,127.107642314493,0.0,base_link,0,,,,,,P1_exit,33,
P1_exit,34,P,1,locked,,off,,0,75,off,0,75,-20.15700816,-27.10749579,-152.21071007,FORWARD,37.288953836107,127.107642314493,0.0,base_link,0,,,,,,P1_exit,34,
P1_exit,35,P,1,locked,,off,,0,75,off,0,75,-20.33384258,-27.20034572,-152.40591227,FORWARD,37.288953836107,127.107642314493,0.0,base_link,0,,,,,,P1_exit,35,
P1_exit,36,P,1,locked,,off,,0,75,off,0,75,-20.51109726,-27.29239047,-152.73242182,FORWARD,37.288953836107,127.107642314493,0.0,base_link,0,,,,,,P1_exit,36,
P1_exit,37,P,1,locked,,off,,0,75,off,0,75,-20.68898036,-27.38321420,-153.19468010,FORWARD,37.288953836107,127.107642314493,0.0,base_link,0,,,,,,P1_exit,37,
P1_exit,38,P,1,locked,,off,,0,75,off,0,75,-20.86769972,-27.47238025,-153.79883093,FORWARD,37.288953836107,127.107642314493,0.0,base_link,0,,,,,,P1_exit,38,
P1_exit,39,P,1,locked,,off,,0,75,off,0,75,-21.04746166,-27.55942413,-154.55274229,FORWARD,37.288953836107,127.107642314493,0.0,base_link,0,,,,,,P1_exit,39,
P1_exit,40,P,1,locked,,off,,0,75,off,0,75,-21.22846901,-27.64384603,-155.46600857,FORWARD,37.288953836107,127.107642314493,0.0,base_link,0,,,,,,P1_exit,40,
P1_exit,41,P,1,locked,,off,,0,75,off,0,75,-21.41091795,-27.72510340,-156.54986999,FORWARD,37.288953836107,127.107642314493,0.0,base_link,0,,,,,,P1_exit,41,
P1_exit,42,P,1,locked,,off,,0,75,off,0,75,-21.59499297,-27.80260389,-157.81700048,FORWARD,37.288953836107,127.107642314493,0.0,base_link,0,,,,,,P1_exit,42,
P1_exit,43,P,1,locked,,off,,0,75,off,0,75,-21.78085997,-27.87569870,-159.28110862,FORWARD,37.288953836107,127.107642314493,0.0,base_link,0,,,,,,P1_exit,43,
P1_exit,44,P,1,locked,,off,,0,75,off,0,75,-21.96865642,-27.94367822,-160.95619569,FORWARD,37.288953836107,127.107642314493,0.0,base_link,0,,,,,,P1_exit,44,
P1_exit,45,P,1,locked,,off,,0,75,off,0,75,-22.15847853,-28.00577070,-162.85537186,FORWARD,37.288953836107,127.107642314493,0.0,base_link,0,,,,,,P1_exit,45,
P1_exit,46,P,1,locked,,off,,0,75,off,0,75,-22.35036488,-28.06114743,-164.98901351,FORWARD,37.288953836107,127.107642314493,0.0,base_link,0,,,,,,P1_exit,46,
P1_exit,47,P,1,locked,,off,,0,75,off,0,75,-22.54427749,-28.10893614,-167.36219097,FORWARD,37.288953836107,127.107642314493,0.0,base_link,0,,,,,,P1_exit,47,
P1_exit,48,P,1,locked,,off,,0,75,off,0,75,-22.74008153,-28.14824826,-169.97126372,FORWARD,37.288953836107,127.107642314493,0.0,base_link,0,,,,,,P1_exit,48,
P1_exit,49,P,1,locked,,off,,0,75,off,0,75,-22.93752802,-28.17822058,-172.79995105,FORWARD,37.288953836107,127.107642314493,0.0,base_link,0,,,,,,P1_exit,49,
P1_exit,50,P,1,locked,,off,,0,75,off,0,75,-23.13624416,-28.19807626,-175.81538575,FORWARD,37.288953836107,127.107642314493,0.0,base_link,0,,,,,,P1_exit,50,
P1_exit,51,P,1,locked,,off,,0,75,off,0,75,-23.33573925,-28.20719863,-178.96529095,FORWARD,37.288953836107,127.107642314493,0.0,base_link,0,,,,,,P1_exit,51,
P1_exit,52,P,1,locked,,off,,0,75,off,0,75,-23.53543192,-28.20521303,177.82252083,FORWARD,37.288953836107,127.107642314493,0.0,base_link,0,,,,,,P1_exit,52,
P1_exit,53,P,1,locked,,off,,0,75,off,0,75,-23.73470128,-28.19206006,174.63731186,FORWARD,37.288953836107,127.107642314493,0.0,base_link,0,,,,,,P1_exit,53,
P1_exit,54,P,1,locked,,off,,0,75,off,0,75,-23.93295712,-28.16804534,171.57933473,FORWARD,37.288953836107,127.107642314493,0.0,base_link,0,,,,,,P1_exit,54,
P1_exit,55,P,1,locked,,off,,0,75,off,0,75,-24.12971697,-28.13385440,168.75194742,FORWARD,37.288953836107,127.107642314493,0.0,base_link,0,,,,,,P1_exit,55,
P1_exit,56,P,1,locked,,off,,0,75,off,0,75,-24.32467450,-28.09053239,166.25431631,FORWARD,37.288953836107,127.107642314493,0.0,base_link,0,,,,,,P1_exit,56,
P1_exit,57,P,1,locked,,off,,0,75,off,0,75,-24.51774594,-28.03943831,164.17705260,FORWARD,37.288953836107,127.107642314493,0.0,base_link,0,,,,,,P1_exit,57,
P1_exit,58,P,1,locked,,off,,0,75,off,0,75,-24.70908900,-27.98219432,162.60192447,FORWARD,37.288953836107,127.107642314493,0.0,base_link,0,,,,,,P1_exit,58,
P1_exit,59,P,1,locked,,off,,0,75,off,0,75,-24.89909614,-27.92064892,161.60542197,FORWARD,37.288953836107,127.107642314493,0.0,base_link,0,,,,,,P1_exit,59,
P1_exit,60,P,1,locked,,off,,0,75,off,0,75,-25.08836699,-27.85686816,161.26480900,FORWARD,37.288953836107,127.107642314493,0.0,base_link,0,,,,,,P1_exit,60,
P1_exit,61,P,1,locked,,off,,0,75,off,0,75,-25.27751272,-27.79271635,161.26480900,FORWARD,37.288953836107,127.107642314493,0.0,base_link,0,,,,,,P1_exit,61,
P1_exit,62,P,1,locked,,off,,0,75,off,0,75,-25.46665846,-27.72856454,161.26480900,FORWARD,37.288953836107,127.107642314493,0.0,base_link,0,,,,,,P1_exit,62,
P1_exit,63,P,1,locked,,off,,0,75,off,0,75,-25.65580420,-27.66441273,161.26480900,FORWARD,37.288953836107,127.107642314493,0.0,base_link,0,,,,,,P1_exit,63,
P1_exit,64,P,1,locked,,off,,0,75,off,0,75,-25.84494993,-27.60026092,161.26480900,FORWARD,37.288953836107,127.107642314493,0.0,base_link,0,,,,,,P1_exit,64,
P1_exit,65,P,1,locked,,off,,0,75,off,0,75,-26.03409567,-27.53610911,161.26480900,FORWARD,37.288953836107,127.107642314493,0.0,base_link,0,,,,,,P1_exit,65,
P1_exit,66,P,1,locked,,off,,0,75,off,0,75,-26.22324141,-27.47195730,161.26480900,FORWARD,37.288953836107,127.107642314493,0.0,base_link,0,,,,,,P1_exit,66,
P1_exit,67,P,1,locked,,off,,0,75,off,0,75,-26.41238714,-27.40780549,161.26480900,FORWARD,37.288953836107,127.107642314493,0.0,base_link,0,,,,,,P1_exit,67,
P1_exit,68,P,1,locked,,off,,0,75,off,0,75,-26.60153288,-27.34365368,161.26480900,FORWARD,37.288953836107,127.107642314493,0.0,base_link,0,,,,,,P1_exit,68,
P1_exit,69,P,1,locked,,off,,0,75,off,0,75,-26.79067862,-27.27950187,161.26480900,FORWARD,37.288953836107,127.107642314493,0.0,base_link,0,,,,,,P1_exit,69,
P1_exit,70,P,1,locked,,off,,0,75,off,0,75,-26.97982436,-27.21535006,161.26480900,FORWARD,37.288953836107,127.107642314493,0.0,base_link,0,,,,,,P1_exit,70,
P1_exit,71,P,1,locked,,off,,0,75,off,0,75,-27.16897009,-27.15119825,161.26480900,FORWARD,37.288953836107,127.107642314493,0.0,base_link,0,,,,,,P1_exit,71,
P1_exit,72,P,1,locked,,off,,0,75,off,0,75,-27.35811583,-27.08704644,161.26480900,FORWARD,37.288953836107,127.107642314493,0.0,base_link,0,,,,,,P1_exit,72,
P1_exit,73,P,1,locked,,off,,0,75,off,0,75,-27.54726157,-27.02289463,161.26480900,FORWARD,37.288953836107,127.107642314493,0.0,base_link,0,,,,,,P1_exit,73,
P1_exit,74,P,1,locked,,off,,0,75,off,0,75,-27.73640730,-26.95874282,161.26480900,FORWARD,37.288953836107,127.107642314493,0.0,base_link,0,,,,,,P1_exit,74,
P1_exit,75,P,1,locked,,off,,0,75,off,0,75,-27.92555304,-26.89459101,161.26480900,FORWARD,37.288953836107,127.107642314493,0.0,base_link,0,,,,,,P1_exit,75,
P2_reverse,0,P,2,once,P2_exit,off,,0,88,off,0,88,-23.17176126,-27.87476076,163.03474900,REVERSE,37.288953836107,127.107642314493,0.0,base_link,0,,,,,,P2_reverse,0,
P2_reverse,1,P,2,once,P2_exit,off,,0,88,off,0,88,-22.98135704,-27.93284693,163.03474900,REVERSE,37.288953836107,127.107642314493,0.0,base_link,0,,,,,,P2_reverse,1,
P2_reverse,2,P,2,once,P2_exit,off,,0,88,off,0,88,-22.79095281,-27.99093309,163.03474900,REVERSE,37.288953836107,127.107642314493,0.0,base_link,0,,,,,,P2_reverse,2,
P2_reverse,3,P,2,once,P2_exit,off,,0,88,off,0,88,-22.60054859,-28.04901926,163.03474900,REVERSE,37.288953836107,127.107642314493,0.0,base_link,0,,,,,,P2_reverse,3,
P2_reverse,4,P,2,once,P2_exit,off,,0,88,off,0,88,-22.41014437,-28.10710542,163.03474900,REVERSE,37.288953836107,127.107642314493,0.0,base_link,0,,,,,,P2_reverse,4,
P2_reverse,5,P,2,once,P2_exit,off,,0,88,off,0,88,-22.21974015,-28.16519159,163.03474900,REVERSE,37.288953836107,127.107642314493,0.0,base_link,0,,,,,,P2_reverse,5,
P2_reverse,6,P,2,once,P2_exit,off,,0,88,off,0,88,-22.02933592,-28.22327775,163.03474900,REVERSE,37.288953836107,127.107642314493,0.0,base_link,0,,,,,,P2_reverse,6,
P2_reverse,7,P,2,once,P2_exit,off,,0,88,off,0,88,-21.83893170,-28.28136392,163.03474900,REVERSE,37.288953836107,127.107642314493,0.0,base_link,0,,,,,,P2_reverse,7,
P2_reverse,8,P,2,once,P2_exit,off,,0,88,off,0,88,-21.64852748,-28.33945008,163.03474900,REVERSE,37.288953836107,127.107642314493,0.0,base_link,0,,,,,,P2_reverse,8,
P2_reverse,9,P,2,once,P2_exit,off,,0,88,off,0,88,-21.45812326,-28.39753625,163.03474900,REVERSE,37.288953836107,127.107642314493,0.0,base_link,0,,,,,,P2_reverse,9,
P2_reverse,10,P,2,once,P2_exit,off,,0,88,off,0,88,-21.26771903,-28.45562241,163.03474900,REVERSE,37.288953836107,127.107642314493,0.0,base_link,0,,,,,,P2_reverse,10,
P2_reverse,11,P,2,once,P2_exit,off,,0,88,off,0,88,-21.07731481,-28.51370858,163.03474900,REVERSE,37.288953836107,127.107642314493,0.0,base_link,0,,,,,,P2_reverse,11,
P2_reverse,12,P,2,once,P2_exit,off,,0,88,off,0,88,-20.88691059,-28.57179474,163.03474900,REVERSE,37.288953836107,127.107642314493,0.0,base_link,0,,,,,,P2_reverse,12,
P2_reverse,13,P,2,once,P2_exit,off,,0,88,off,0,88,-20.69650637,-28.62988091,163.03474900,REVERSE,37.288953836107,127.107642314493,0.0,base_link,0,,,,,,P2_reverse,13,
P2_reverse,14,P,2,once,P2_exit,off,,0,88,off,0,88,-20.50610214,-28.68796707,163.03474900,REVERSE,37.288953836107,127.107642314493,0.0,base_link,0,,,,,,P2_reverse,14,
P2_reverse,15,P,2,once,P2_exit,off,,0,88,off,0,88,-20.31569792,-28.74605324,163.03474900,REVERSE,37.288953836107,127.107642314493,0.0,base_link,0,,,,,,P2_reverse,15,
P2_reverse,16,P,2,once,P2_exit,off,,0,88,off,0,88,-20.12529370,-28.80413940,163.03474900,REVERSE,37.288953836107,127.107642314493,0.0,base_link,0,,,,,,P2_reverse,16,
P2_reverse,17,P,2,once,P2_exit,off,,0,88,off,0,88,-19.93488948,-28.86222557,163.03474900,REVERSE,37.288953836107,127.107642314493,0.0,base_link,0,,,,,,P2_reverse,17,
P2_reverse,18,P,2,once,P2_exit,off,,0,88,off,0,88,-19.74448525,-28.92031173,163.03474900,REVERSE,37.288953836107,127.107642314493,0.0,base_link,0,,,,,,P2_reverse,18,
P2_reverse,19,P,2,once,P2_exit,off,,0,88,off,0,88,-19.55408103,-28.97839790,163.03474900,REVERSE,37.288953836107,127.107642314493,0.0,base_link,0,,,,,,P2_reverse,19,
P2_reverse,20,P,2,once,P2_exit,off,,0,88,off,0,88,-19.36367681,-29.03648406,163.03474900,REVERSE,37.288953836107,127.107642314493,0.0,base_link,0,,,,,,P2_reverse,20,
P2_reverse,21,P,2,once,P2_exit,off,,0,88,off,0,88,-19.17327259,-29.09457023,163.03474900,REVERSE,37.288953836107,127.107642314493,0.0,base_link,0,,,,,,P2_reverse,21,
P2_reverse,22,P,2,once,P2_exit,off,,0,88,off,0,88,-18.98286836,-29.15265639,163.03474900,REVERSE,37.288953836107,127.107642314493,0.0,base_link,0,,,,,,P2_reverse,22,
P2_reverse,23,P,2,once,P2_exit,off,,0,88,off,0,88,-18.79246414,-29.21074256,163.03474900,REVERSE,37.288953836107,127.107642314493,0.0,base_link,0,,,,,,P2_reverse,23,
P2_reverse,24,P,2,once,P2_exit,off,,0,88,off,0,88,-18.60205992,-29.26882872,163.03474900,REVERSE,37.288953836107,127.107642314493,0.0,base_link,0,,,,,,P2_reverse,24,
P2_reverse,25,P,2,once,P2_exit,off,,0,88,off,0,88,-18.41165569,-29.32691489,163.03474900,REVERSE,37.288953836107,127.107642314493,0.0,base_link,0,,,,,,P2_reverse,25,
P2_reverse,26,P,2,once,P2_exit,off,,0,88,off,0,88,-18.22125147,-29.38500105,163.03474900,REVERSE,37.288953836107,127.107642314493,0.0,base_link,0,,,,,,P2_reverse,26,
P2_reverse,27,P,2,once,P2_exit,off,,0,88,off,0,88,-18.03084725,-29.44308722,163.03474900,REVERSE,37.288953836107,127.107642314493,0.0,base_link,0,,,,,,P2_reverse,27,
P2_reverse,28,P,2,once,P2_exit,off,,0,88,off,0,88,-17.84044303,-29.50117338,163.03474900,REVERSE,37.288953836107,127.107642314493,0.0,base_link,0,,,,,,P2_reverse,28,
P2_reverse,29,P,2,once,P2_exit,off,,0,88,off,0,88,-17.65003880,-29.55925955,163.03474900,REVERSE,37.288953836107,127.107642314493,0.0,base_link,0,,,,,,P2_reverse,29,
P2_reverse,30,P,2,once,P2_exit,off,,0,88,off,0,88,-17.45963458,-29.61734571,163.03474900,REVERSE,37.288953836107,127.107642314493,0.0,base_link,0,,,,,,P2_reverse,30,
P2_reverse,31,P,2,once,P2_exit,off,,0,88,off,0,88,-17.26923036,-29.67543188,163.03474900,REVERSE,37.288953836107,127.107642314493,0.0,base_link,0,,,,,,P2_reverse,31,
P2_reverse,32,P,2,once,P2_exit,off,,0,88,off,0,88,-17.07882614,-29.73351804,163.03474900,REVERSE,37.288953836107,127.107642314493,0.0,base_link,0,,,,,,P2_reverse,32,
P2_reverse,33,P,2,once,P2_exit,off,,0,88,off,0,88,-16.88842191,-29.79160421,163.03474900,REVERSE,37.288953836107,127.107642314493,0.0,base_link,0,,,,,,P2_reverse,33,
P2_reverse,34,P,2,once,P2_exit,off,,0,88,off,0,88,-16.69801769,-29.84969037,163.03474900,REVERSE,37.288953836107,127.107642314493,0.0,base_link,0,,,,,,P2_reverse,34,
P2_reverse,35,P,2,once,P2_exit,off,,0,88,off,0,88,-16.50761347,-29.90777654,163.03474900,REVERSE,37.288953836107,127.107642314493,0.0,base_link,0,,,,,,P2_reverse,35,
P2_reverse,36,P,2,once,P2_exit,off,,0,88,off,0,88,-16.31708831,-29.96546307,163.46107419,REVERSE,37.288953836107,127.107642314493,0.0,base_link,0,,,,,,P2_reverse,36,
P2_reverse,37,P,2,once,P2_exit,off,,0,88,off,0,88,-16.12560732,-30.01987300,164.98411721,REVERSE,37.288953836107,127.107642314493,0.0,base_link,0,,,,,,P2_reverse,37,
P2_reverse,38,P,2,once,P2_exit,off,,0,88,off,0,88,-15.93234840,-30.06754529,167.44385677,REVERSE,37.288953836107,127.107642314493,0.0,base_link,0,,,,,,P2_reverse,38,
P2_reverse,39,P,2,once,P2_exit,off,,0,88,off,0,88,-15.73696607,-30.10553311,170.66121434,REVERSE,37.288953836107,127.107642314493,0.0,base_link,0,,,,,,P2_reverse,39,
P2_reverse,40,P,2,once,P2_exit,off,,0,88,off,0,88,-15.53963264,-30.13147393,174.43555429,REVERSE,37.288953836107,127.107642314493,0.0,base_link,0,,,,,,P2_reverse,40,
P2_reverse,41,P,2,once,P2_exit,off,,0,88,off,0,88,-15.34098547,-30.14372423,178.54275266,REVERSE,37.288953836107,127.107642314493,0.0,base_link,0,,,,,,P2_reverse,41,
P2_reverse,42,P,2,once,P2_exit,off,,0,88,off,0,88,-15.14197582,-30.14147190,-177.24709650,REVERSE,37.288953836107,127.107642314493,0.0,base_link,0,,,,,,P2_reverse,42,
P2_reverse,43,P,2,once,P2_exit,off,,0,88,off,0,88,-14.94365569,-30.12474128,-173.14095458,REVERSE,37.288953836107,127.107642314493,0.0,base_link,0,,,,,,P2_reverse,43,
P2_reverse,44,P,2,once,P2_exit,off,,0,88,off,0,88,-14.74697270,-30.09426666,-169.29809715,REVERSE,37.288953836107,127.107642314493,0.0,base_link,0,,,,,,P2_reverse,44,
P2_reverse,45,P,2,once,P2_exit,off,,0,88,off,0,88,-14.55263449,-30.05127533,-165.82014254,REVERSE,37.288953836107,127.107642314493,0.0,base_link,0,,,,,,P2_reverse,45,
P2_reverse,46,P,2,once,P2_exit,off,,0,88,off,0,88,-14.36106138,-29.99725616,-162.75628970,REVERSE,37.288953836107,127.107642314493,0.0,base_link,0,,,,,,P2_reverse,46,
P2_reverse,47,P,2,once,P2_exit,off,,0,88,off,0,88,-14.17240668,-29.93377258,-160.11698458,REVERSE,37.288953836107,127.107642314493,0.0,base_link,0,,,,,,P2_reverse,47,
P2_reverse,48,P,2,once,P2_exit,off,,0,88,off,0,88,-13.98661097,-29.86233918,-157.88892734,REVERSE,37.288953836107,127.107642314493,0.0,base_link,0,,,,,,P2_reverse,48,
P2_reverse,49,P,2,once,P2_exit,off,,0,88,off,0,88,-13.80346208,-29.78435943,-156.04719358,REVERSE,37.288953836107,127.107642314493,0.0,base_link,0,,,,,,P2_reverse,49,
P2_reverse,50,P,2,once,P2_exit,off,,0,88,off,0,88,-13.62264677,-29.70110454,-154.56355951,REVERSE,37.288953836107,127.107642314493,0.0,base_link,0,,,,,,P2_reverse,50,
P2_reverse,51,P,2,once,P2_exit,off,,0,88,off,0,88,-13.44378891,-29.61371862,-153.41150901,REVERSE,37.288953836107,127.107642314493,0.0,base_link,0,,,,,,P2_reverse,51,
P2_reverse,52,P,2,once,P2_exit,off,,0,88,off,0,88,-13.26647517,-29.52323717,-152.56898025,REVERSE,37.288953836107,127.107642314493,0.0,base_link,0,,,,,,P2_reverse,52,
P2_reverse,53,P,2,once,P2_exit,off,,0,88,off,0,88,-13.09027074,-29.43061175,-152.01976164,REVERSE,37.288953836107,127.107642314493,0.0,base_link,0,,,,,,P2_reverse,53,
P2_reverse,54,P,2,once,P2_exit,off,,0,88,off,0,88,-12.91472802,-29.33673710,-151.75415239,REVERSE,37.288953836107,127.107642314493,0.0,base_link,0,,,,,,P2_reverse,54,
P2_reverse,55,P,2,once,P2_exit,off,,0,88,off,0,88,-12.73939079,-29.24247881,-151.76937071,REVERSE,37.288953836107,127.107642314493,0.0,base_link,0,,,,,,P2_reverse,55,
P2_reverse,56,P,2,once,P2_exit,off,,0,88,off,0,88,-12.56379584,-29.14870199,-152.06987024,REVERSE,37.288953836107,127.107642314493,0.0,base_link,0,,,,,,P2_reverse,56,
P2_reverse,57,P,2,once,P2_exit,off,,0,88,off,0,88,-12.38747389,-29.05630080,-152.66770759,REVERSE,37.288953836107,127.107642314493,0.0,base_link,0,,,,,,P2_reverse,57,
P2_reverse,58,P,2,once,P2_exit,off,,0,88,off,0,88,-12.20995149,-28.96623013,-153.58300693,REVERSE,37.288953836107,127.107642314493,0.0,base_link,0,,,,,,P2_reverse,58,
P2_reverse,59,P,2,once,P2_exit,off,,0,88,off,0,88,-12.03075621,-28.87953977,-154.84433049,REVERSE,37.288953836107,127.107642314493,0.0,base_link,0,,,,,,P2_reverse,59,
P2_reverse,60,P,2,once,P2_exit,off,,0,88,off,0,88,-11.84942806,-28.79741090,-156.48866096,REVERSE,37.288953836107,127.107642314493,0.0,base_link,0,,,,,,P2_reverse,60,
P2_reverse,61,P,2,once,P2_exit,off,,0,88,off,0,88,-11.66554134,-28.72119325,-158.56035024,REVERSE,37.288953836107,127.107642314493,0.0,base_link,0,,,,,,P2_reverse,61,
P2_reverse,62,P,2,once,P2_exit,off,,0,88,off,0,88,-11.47874262,-28.65243659,-161.10777752,REVERSE,37.288953836107,127.107642314493,0.0,base_link,0,,,,,,P2_reverse,62,
P2_reverse,63,P,2,once,P2_exit,off,,0,88,off,0,88,-11.28881059,-28.59290406,-164.17582154,REVERSE,37.288953836107,127.107642314493,0.0,base_link,0,,,,,,P2_reverse,63,
P2_reverse,64,P,2,once,P2_exit,off,,0,88,off,0,88,-11.09574093,-28.54454376,-167.79166196,REVERSE,37.288953836107,127.107642314493,0.0,base_link,0,,,,,,P2_reverse,64,
P2_reverse,65,P,2,once,P2_exit,off,,0,88,off,0,88,-10.89984763,-28.50938350,-171.94226957,REVERSE,37.288953836107,127.107642314493,0.0,base_link,0,,,,,,P2_reverse,65,
P2_reverse,66,P,2,once,P2_exit,off,,0,88,off,0,88,-10.70184855,-28.48931397,-176.54617968,REVERSE,37.288953836107,127.107642314493,0.0,base_link,0,,,,,,P2_reverse,66,
P2_reverse,67,P,2,once,P2_exit,off,,0,88,off,0,88,-10.50287355,-28.48575304,178.56953001,REVERSE,37.288953836107,127.107642314493,0.0,base_link,0,,,,,,P2_reverse,67,
P2_reverse,68,P,2,once,P2_exit,off,,0,88,off,0,88,-10.30432616,-28.49926207,173.66870375,REVERSE,37.288953836107,127.107642314493,0.0,base_link,0,,,,,,P2_reverse,68,
P2_reverse,69,P,2,once,P2_exit,off,,0,88,off,0,88,-10.10758620,-28.52925942,169.07069955,REVERSE,37.288953836107,127.107642314493,0.0,base_link,0,,,,,,P2_reverse,69,
P2_reverse,70,P,2,once,P2_exit,off,,0,88,off,0,88,-9.91364586,-28.57396916,165.09380765,REVERSE,37.288953836107,127.107642314493,0.0,base_link,0,,,,,,P2_reverse,70,
P2_reverse,71,P,2,once,P2_exit,off,,0,88,off,0,88,-9.72283066,-28.63060602,162.01190769,REVERSE,37.288953836107,127.107642314493,0.0,base_link,0,,,,,,P2_reverse,71,
P2_reverse,72,P,2,once,P2_exit,off,,0,88,off,0,88,-9.53469853,-28.69564571,160.05013425,REVERSE,37.288953836107,127.107642314493,0.0,base_link,0,,,,,,P2_reverse,72,
P2_reverse,73,P,2,once,P2_exit,off,,0,88,off,0,88,-9.34810049,-28.76498907,159.41441158,REVERSE,37.288953836107,127.107642314493,0.0,base_link,0,,,,,,P2_reverse,73,
P2_reverse,74,P,2,once,P2_exit,off,,0,88,off,0,88,-9.16174408,-28.83498235,159.41441158,REVERSE,37.288953836107,127.107642314493,0.0,base_link,0,,,,,,P2_reverse,74,
P2_reverse,75,P,2,once,P2_exit,off,,0,88,off,0,88,-8.97538767,-28.90497563,159.41441158,REVERSE,37.288953836107,127.107642314493,0.0,base_link,0,,,,,,P2_reverse,75,
P2_reverse,76,P,2,once,P2_exit,off,,0,88,off,0,88,-8.78903126,-28.97496890,159.41441158,REVERSE,37.288953836107,127.107642314493,0.0,base_link,0,,,,,,P2_reverse,76,
P2_reverse,77,P,2,once,P2_exit,off,,0,88,off,0,88,-8.60267485,-29.04496218,159.41441158,REVERSE,37.288953836107,127.107642314493,0.0,base_link,0,,,,,,P2_reverse,77,
P2_reverse,78,P,2,once,P2_exit,off,,0,88,off,0,88,-8.41631844,-29.11495546,159.41441158,REVERSE,37.288953836107,127.107642314493,0.0,base_link,0,,,,,,P2_reverse,78,
P2_reverse,79,P,2,once,P2_exit,off,,0,88,off,0,88,-8.22996203,-29.18494874,159.41441158,REVERSE,37.288953836107,127.107642314493,0.0,base_link,0,,,,,,P2_reverse,79,
P2_reverse,80,P,2,once,P2_exit,off,,0,88,off,0,88,-8.04360562,-29.25494202,159.41441158,REVERSE,37.288953836107,127.107642314493,0.0,base_link,0,,,,,,P2_reverse,80,
P2_reverse,81,P,2,once,P2_exit,off,,0,88,off,0,88,-7.85724921,-29.32493529,159.41441158,REVERSE,37.288953836107,127.107642314493,0.0,base_link,0,,,,,,P2_reverse,81,
P2_reverse,82,P,2,once,P2_exit,off,,0,88,off,0,88,-7.67089280,-29.39492857,159.41441158,REVERSE,37.288953836107,127.107642314493,0.0,base_link,0,,,,,,P2_reverse,82,
P2_reverse,83,P,2,once,P2_exit,off,,0,88,off,0,88,-7.48453639,-29.46492185,159.41441158,REVERSE,37.288953836107,127.107642314493,0.0,base_link,0,,,,,,P2_reverse,83,
P2_reverse,84,P,2,once,P2_exit,off,,0,88,off,0,88,-7.29817998,-29.53491513,159.41441158,REVERSE,37.288953836107,127.107642314493,0.0,base_link,0,,,,,,P2_reverse,84,
P2_reverse,85,P,2,once,P2_exit,off,,0,88,off,0,88,-7.11182357,-29.60490841,159.41441158,REVERSE,37.288953836107,127.107642314493,0.0,base_link,0,,,,,,P2_reverse,85,
P2_reverse,86,P,2,once,P2_exit,off,,0,88,off,0,88,-6.92546716,-29.67490168,159.41441158,REVERSE,37.288953836107,127.107642314493,0.0,base_link,0,,,,,,P2_reverse,86,
P2_reverse,87,P,2,once,P2_exit,off,,0,88,off,0,88,-6.73911075,-29.74489496,159.41441158,REVERSE,37.288953836107,127.107642314493,0.0,base_link,0,,,,,,P2_reverse,87,
P2_reverse,88,P,2,once,P2_exit,off,,0,88,off,0,88,-6.55275434,-29.81488824,159.41441158,REVERSE,37.288953836107,127.107642314493,0.0,base_link,0,,,,,,P2_reverse,88,
P2_exit,0,P,2,locked,,off,,0,114,off,0,114,-6.55275434,-29.81488824,159.41441158,FORWARD,37.288953836107,127.107642314493,0.0,base_link,0,,,,,,P2_exit,0,
P2_exit,1,P,2,locked,,off,,0,114,off,0,114,-6.73588692,-29.74695718,160.10374068,FORWARD,37.288953836107,127.107642314493,0.0,base_link,0,,,,,,P2_exit,1,
P2_exit,2,P,2,locked,,off,,0,114,off,0,114,-6.92053015,-29.68327131,162.02259159,FORWARD,37.288953836107,127.107642314493,0.0,base_link,0,,,,,,P2_exit,2,
P2_exit,3,P,2,locked,,off,,0,114,off,0,114,-7.10771107,-29.62752702,164.96275780,FORWARD,37.288953836107,127.107642314493,0.0,base_link,0,,,,,,P2_exit,3,
P2_exit,4,P,2,locked,,off,,0,114,off,0,114,-7.29782236,-29.58284260,168.70066289,FORWARD,37.288953836107,127.107642314493,0.0,base_link,0,,,,,,P2_exit,4,
P2_exit,5,P,2,locked,,off,,0,114,off,0,114,-7.49059530,-29.55164220,172.97745322,FORWARD,37.288953836107,127.107642314493,0.0,base_link,0,,,,,,P2_exit,5,
P2_exit,6,P,2,locked,,off,,0,114,off,0,114,-7.68519619,-29.53542296,177.50681338,FORWARD,37.288953836107,127.107642314493,0.0,base_link,0,,,,,,P2_exit,6,
P2_exit,7,P,2,locked,,off,,0,114,off,0,114,-7.88047045,-29.53464773,-177.98704289,FORWARD,37.288953836107,127.107642314493,0.0,base_link,0,,,,,,P2_exit,7,
P2_exit,8,P,2,locked,,off,,0,114,off,0,114,-8.07523521,-29.54884392,-173.72773652,FORWARD,37.288953836107,127.107642314493,0.0,base_link,0,,,,,,P2_exit,8,
P2_exit,9,P,2,locked,,off,,0,114,off,0,114,-8.26850954,-29.57682962,-169.86335437,FORWARD,37.288953836107,127.107642314493,0.0,base_link,0,,,,,,P2_exit,9,
P2_exit,10,P,2,locked,,off,,0,114,off,0,114,-8.45962675,-29.61702524,-166.46816021,FORWARD,37.288953836107,127.107642314493,0.0,base_link,0,,,,,,P2_exit,10,
P2_exit,11,P,2,locked,,off,,0,114,off,0,114,-8.64825304,-29.66766580,-163.55792681,FORWARD,37.288953836107,127.107642314493,0.0,base_link,0,,,,,,P2_exit,11,
P2_exit,12,P,2,locked,,off,,0,114,off,0,114,-8.83431833,-29.72705014,-161.11453704,FORWARD,37.288953836107,127.107642314493,0.0,base_link,0,,,,,,P2_exit,12,
P2_exit,13,P,2,locked,,off,,0,114,off,0,114,-9.01794454,-29.79360942,-159.10316803,FORWARD,37.288953836107,127.107642314493,0.0,base_link,0,,,,,,P2_exit,13,
P2_exit,14,P,2,locked,,off,,0,114,off,0,114,-9.19937580,-29.86594770,-157.48475269,FORWARD,37.288953836107,127.107642314493,0.0,base_link,0,,,,,,P2_exit,14,
P2_exit,15,P,2,locked,,off,,0,114,off,0,114,-9.37893668,-29.94281769,-156.22125785,FORWARD,37.288953836107,127.107642314493,0.0,base_link,0,,,,,,P2_exit,15,
P2_exit,16,P,2,locked,,off,,0,114,off,0,114,-9.55699140,-30.02311908,-155.28010754,FORWARD,37.288953836107,127.107642314493,0.0,base_link,0,,,,,,P2_exit,16,
P2_exit,17,P,2,locked,,off,,0,114,off,0,114,-9.73392214,-30.10587035,-154.63559682,FORWARD,37.288953836107,127.107642314493,0.0,base_link,0,,,,,,P2_exit,17,
P2_exit,18,P,2,locked,,off,,0,114,off,0,114,-9.91011821,-30.19017625,-154.26903837,FORWARD,37.288953836107,127.107642314493,0.0,base_link,0,,,,,,P2_exit,18,
P2_exit,19,P,2,locked,,off,,0,114,off,0,114,-10.08597028,-30.27519805,-154.16863528,FORWARD,37.288953836107,127.107642314493,0.0,base_link,0,,,,,,P2_exit,19,
P2_exit,20,P,2,locked,,off,,0,114,off,0,114,-10.26186678,-30.36012782,-154.32837763,FORWARD,37.288953836107,127.107642314493,0.0,base_link,0,,,,,,P2_exit,20,
P2_exit,21,P,2,locked,,off,,0,114,off,0,114,-10.43819009,-30.44416700,-154.74892060,FORWARD,37.288953836107,127.107642314493,0.0,base_link,0,,,,,,P2_exit,21,
P2_exit,22,P,2,locked,,off,,0,114,off,0,114,-10.61531574,-30.52649993,-155.43692115,FORWARD,37.288953836107,127.107642314493,0.0,base_link,0,,,,,,P2_exit,22,
P2_exit,23,P,2,locked,,off,,0,114,off,0,114,-10.79361154,-30.60626438,-156.40532668,FORWARD,37.288953836107,127.107642314493,0.0,base_link,0,,,,,,P2_exit,23,
P2_exit,24,P,2,locked,,off,,0,114,off,0,114,-10.97342513,-30.68254129,-157.67168220,FORWARD,37.288953836107,127.107642314493,0.0,base_link,0,,,,,,P2_exit,24,
P2_exit,25,P,2,locked,,off,,0,114,off,0,114,-11.15507644,-30.75432562,-159.25843602,FORWARD,37.288953836107,127.107642314493,0.0,base_link,0,,,,,,P2_exit,25,
P2_exit,26,P,2,locked,,off,,0,114,off,0,114,-11.33884007,-30.82050677,-161.19129680,FORWARD,37.288953836107,127.107642314493,0.0,base_link,0,,,,,,P2_exit,26,
P2_exit,27,P,2,locked,,off,,0,114,off,0,114,-11.52491988,-30.87985164,-163.49652684,FORWARD,37.288953836107,127.107642314493,0.0,base_link,0,,,,,,P2_exit,27,
P2_exit,28,P,2,locked,,off,,0,114,off,0,114,-11.71340900,-30.93101225,-166.19548285,FORWARD,37.288953836107,127.107642314493,0.0,base_link,0,,,,,,P2_exit,28,
P2_exit,29,P,2,locked,,off,,0,114,off,0,114,-11.90423814,-30.97257473,-169.29579322,FORWARD,37.288953836107,127.107642314493,0.0,base_link,0,,,,,,P2_exit,29,
P2_exit,30,P,2,locked,,off,,0,114,off,0,114,-12.09713391,-31.00310253,-172.78150362,FORWARD,37.288953836107,127.107642314493,0.0,base_link,0,,,,,,P2_exit,30,
P2_exit,31,P,2,locked,,off,,0,114,off,0,114,-12.29157822,-31.02126633,-176.59972664,FORWARD,37.288953836107,127.107642314493,0.0,base_link,0,,,,,,P2_exit,31,
P2_exit,32,P,2,locked,,off,,0,114,off,0,114,-12.48680740,-31.02598951,179.34982179,FORWARD,37.288953836107,127.107642314493,0.0,base_link,0,,,,,,P2_exit,32,
P2_exit,33,P,2,locked,,off,,0,114,off,0,114,-12.68187180,-31.01672850,175.21836747,FORWARD,37.288953836107,127.107642314493,0.0,base_link,0,,,,,,P2_exit,33,
P2_exit,34,P,2,locked,,off,,0,114,off,0,114,-12.87578010,-30.99357092,171.19531140,FORWARD,37.288953836107,127.107642314493,0.0,base_link,0,,,,,,P2_exit,34,
P2_exit,35,P,2,locked,,off,,0,114,off,0,114,-13.06768233,-30.95733933,167.48627919,FORWARD,37.288953836107,127.107642314493,0.0,base_link,0,,,,,,P2_exit,35,
P2_exit,36,P,2,locked,,off,,0,114,off,0,114,-13.25704792,-30.90955443,164.28930940,FORWARD,37.288953836107,127.107642314493,0.0,base_link,0,,,,,,P2_exit,36,
P2_exit,37,P,2,locked,,off,,0,114,off,0,114,-13.44379402,-30.85234962,161.77917674,FORWARD,37.288953836107,127.107642314493,0.0,base_link,0,,,,,,P2_exit,37,
P2_exit,38,P,2,locked,,off,,0,114,off,0,114,-13.62832504,-30.78833241,160.10802524,FORWARD,37.288953836107,127.107642314493,0.0,base_link,0,,,,,,P2_exit,38,
P2_exit,39,P,2,locked,,off,,0,114,off,0,114,-13.81149211,-30.72049431,159.42353713,FORWARD,37.288953836107,127.107642314493,0.0,base_link,0,,,,,,P2_exit,39,
P2_exit,40,P,2,locked,,off,,0,114,off,0,114,-13.99436436,-30.65186191,159.46105597,FORWARD,37.288953836107,127.107642314493,0.0,base_link,0,,,,,,P2_exit,40,
P2_exit,41,P,2,locked,,off,,0,114,off,0,114,-14.17735891,-30.58355642,159.61799566,FORWARD,37.288953836107,127.107642314493,0.0,base_link,0,,,,,,P2_exit,41,
P2_exit,42,P,2,locked,,off,,0,114,off,0,114,-14.36059727,-30.51590800,159.87045482,FORWARD,37.288953836107,127.107642314493,0.0,base_link,0,,,,,,P2_exit,42,
P2_exit,43,P,2,locked,,off,,0,114,off,0,114,-14.54417964,-30.44919912,160.20278330,FORWARD,37.288953836107,127.107642314493,0.0,base_link,0,,,,,,P2_exit,43,
P2_exit,44,P,2,locked,,off,,0,114,off,0,114,-14.72818539,-30.38366747,160.59958457,FORWARD,37.288953836107,127.107642314493,0.0,base_link,0,,,,,,P2_exit,44,
P2_exit,45,P,2,locked,,off,,0,114,off,0,114,-14.91266842,-30.31949208,161.04583604,FORWARD,37.288953836107,127.107642314493,0.0,base_link,0,,,,,,P2_exit,45,
P2_exit,46,P,2,locked,,off,,0,114,off,0,114,-15.09766590,-30.25681533,161.52822612,FORWARD,37.288953836107,127.107642314493,0.0,base_link,0,,,,,,P2_exit,46,
P2_exit,47,P,2,locked,,off,,0,114,off,0,114,-15.28320038,-30.19574674,162.03491577,FORWARD,37.288953836107,127.107642314493,0.0,base_link,0,,,,,,P2_exit,47,
P2_exit,48,P,2,locked,,off,,0,114,off,0,114,-15.46927435,-30.13634242,162.55540883,FORWARD,37.288953836107,127.107642314493,0.0,base_link,0,,,,,,P2_exit,48,
P2_exit,49,P,2,locked,,off,,0,114,off,0,114,-15.65588253,-30.07863809,163.08096825,FORWARD,37.288953836107,127.107642314493,0.0,base_link,0,,,,,,P2_exit,49,
P2_exit,50,P,2,locked,,off,,0,114,off,0,114,-15.84301386,-30.02265359,163.60424510,FORWARD,37.288953836107,127.107642314493,0.0,base_link,0,,,,,,P2_exit,50,
P2_exit,51,P,2,locked,,off,,0,114,off,0,114,-16.03064404,-29.96836437,164.11926754,FORWARD,37.288953836107,127.107642314493,0.0,base_link,0,,,,,,P2_exit,51,
P2_exit,52,P,2,locked,,off,,0,114,off,0,114,-16.21874795,-29.91573983,164.62126286,FORWARD,37.288953836107,127.107642314493,0.0,base_link,0,,,,,,P2_exit,52,
P2_exit,53,P,2,locked,,off,,0,114,off,0,114,-16.40730049,-29.86474592,165.10632460,FORWARD,37.288953836107,127.107642314493,0.0,base_link,0,,,,,,P2_exit,53,
P2_exit,54,P,2,locked,,off,,0,114,off,0,114,-16.59626881,-29.81531491,165.57163720,FORWARD,37.288953836107,127.107642314493,0.0,base_link,0,,,,,,P2_exit,54,
P2_exit,55,P,2,locked,,off,,0,114,off,0,114,-16.78562248,-29.76738095,166.01501062,FORWARD,37.288953836107,127.107642314493,0.0,base_link,0,,,,,,P2_exit,55,
P2_exit,56,P,2,locked,,off,,0,114,off,0,114,-16.97533331,-29.72088044,166.43466744,FORWARD,37.288953836107,127.107642314493,0.0,base_link,0,,,,,,P2_exit,56,
P2_exit,57,P,2,locked,,off,,0,114,off,0,114,-17.16536953,-29.67572795,166.82956877,FORWARD,37.288953836107,127.107642314493,0.0,base_link,0,,,,,,P2_exit,57,
P2_exit,58,P,2,locked,,off,,0,114,off,0,114,-17.35570210,-29.63184118,167.19894918,FORWARD,37.288953836107,127.107642314493,0.0,base_link,0,,,,,,P2_exit,58,
P2_exit,59,P,2,locked,,off,,0,114,off,0,114,-17.54630483,-29.58914279,167.54215160,FORWARD,37.288953836107,127.107642314493,0.0,base_link,0,,,,,,P2_exit,59,
P2_exit,60,P,2,locked,,off,,0,114,off,0,114,-17.73715021,-29.54754216,167.85897818,FORWARD,37.288953836107,127.107642314493,0.0,base_link,0,,,,,,P2_exit,60,
P2_exit,61,P,2,locked,,off,,0,114,off,0,114,-17.92821288,-29.50695103,168.14932914,FORWARD,37.288953836107,127.107642314493,0.0,base_link,0,,,,,,P2_exit,61,
P2_exit,62,P,2,locked,,off,,0,114,off,0,114,-18.11947011,-29.46728652,168.41303693,FORWARD,37.288953836107,127.107642314493,0.0,base_link,0,,,,,,P2_exit,62,
P2_exit,63,P,2,locked,,off,,0,114,off,0,114,-18.31089890,-29.42845831,168.65019524,FORWARD,37.288953836107,127.107642314493,0.0,base_link,0,,,,,,P2_exit,63,
P2_exit,64,P,2,locked,,off,,0,114,off,0,114,-18.50247768,-29.39037684,168.86093204,FORWARD,37.288953836107,127.107642314493,0.0,base_link,0,,,,,,P2_exit,64,
P2_exit,65,P,2,locked,,off,,0,114,off,0,114,-18.69418686,-29.35295725,169.04521019,FORWARD,37.288953836107,127.107642314493,0.0,base_link,0,,,,,,P2_exit,65,
P2_exit,66,P,2,locked,,off,,0,114,off,0,114,-18.88600701,-29.31611063,169.20312164,FORWARD,37.288953836107,127.107642314493,0.0,base_link,0,,,,,,P2_exit,66,
P2_exit,67,P,2,locked,,off,,0,114,off,0,114,-19.07791947,-29.27974772,169.33478134,FORWARD,37.288953836107,127.107642314493,0.0,base_link,0,,,,,,P2_exit,67,
P2_exit,68,P,2,locked,,off,,0,114,off,0,114,-19.26990682,-29.24378226,169.44009577,FORWARD,37.288953836107,127.107642314493,0.0,base_link,0,,,,,,P2_exit,68,
P2_exit,69,P,2,locked,,off,,0,114,off,0,114,-19.46195184,-29.20812591,169.51899409,FORWARD,37.288953836107,127.107642314493,0.0,base_link,0,,,,,,P2_exit,69,
P2_exit,70,P,2,locked,,off,,0,114,off,0,114,-19.65403752,-29.17268924,169.57146438,FORWARD,37.288953836107,127.107642314493,0.0,base_link,0,,,,,,P2_exit,70,
P2_exit,71,P,2,locked,,off,,0,114,off,0,114,-19.84614740,-29.13738395,169.59725161,FORWARD,37.288953836107,127.107642314493,0.0,base_link,0,,,,,,P2_exit,71,
P2_exit,72,P,2,locked,,off,,0,114,off,0,114,-20.03826487,-29.10212001,169.59605775,FORWARD,37.288953836107,127.107642314493,0.0,base_link,0,,,,,,P2_exit,72,
P2_exit,73,P,2,locked,,off,,0,114,off,0,114,-20.23037327,-29.06680668,169.56768409,FORWARD,37.288953836107,127.107642314493,0.0,base_link,0,,,,,,P2_exit,73,
P2_exit,74,P,2,locked,,off,,0,114,off,0,114,-20.42245566,-29.03135217,169.51168677,FORWARD,37.288953836107,127.107642314493,0.0,base_link,0,,,,,,P2_exit,74,
P2_exit,75,P,2,locked,,off,,0,114,off,0,114,-20.61449442,-28.99566216,169.42751657,FORWARD,37.288953836107,127.107642314493,0.0,base_link,0,,,,,,P2_exit,75,
P2_exit,76,P,2,locked,,off,,0,114,off,0,114,-20.80647172,-28.95964311,169.31480200,FORWARD,37.288953836107,127.107642314493,0.0,base_link,0,,,,,,P2_exit,76,
P2_exit,77,P,2,locked,,off,,0,114,off,0,114,-20.99836865,-28.92319837,169.17293949,FORWARD,37.288953836107,127.107642314493,0.0,base_link,0,,,,,,P2_exit,77,
P2_exit,78,P,2,locked,,off,,0,114,off,0,114,-21.19016476,-28.88622684,169.00118595,FORWARD,37.288953836107,127.107642314493,0.0,base_link,0,,,,,,P2_exit,78,
P2_exit,79,P,2,locked,,off,,0,114,off,0,114,-21.38183950,-28.84863135,168.79910081,FORWARD,37.288953836107,127.107642314493,0.0,base_link,0,,,,,,P2_exit,79,
P2_exit,80,P,2,locked,,off,,0,114,off,0,114,-21.57337039,-28.81030989,168.56607040,FORWARD,37.288953836107,127.107642314493,0.0,base_link,0,,,,,,P2_exit,80,
P2_exit,81,P,2,locked,,off,,0,114,off,0,114,-21.76473228,-28.77115341,168.30136199,FORWARD,37.288953836107,127.107642314493,0.0,base_link,0,,,,,,P2_exit,81,
P2_exit,82,P,2,locked,,off,,0,114,off,0,114,-21.95590047,-28.73106222,168.00476124,FORWARD,37.288953836107,127.107642314493,0.0,base_link,0,,,,,,P2_exit,82,
P2_exit,83,P,2,locked,,off,,0,114,off,0,114,-22.14684755,-28.68993103,167.67603462,FORWARD,37.288953836107,127.107642314493,0.0,base_link,0,,,,,,P2_exit,83,
P2_exit,84,P,2,locked,,off,,0,114,off,0,114,-22.33754233,-28.64764575,167.31500691,FORWARD,37.288953836107,127.107642314493,0.0,base_link,0,,,,,,P2_exit,84,
P2_exit,85,P,2,locked,,off,,0,114,off,0,114,-22.52795534,-28.60410958,166.92236605,FORWARD,37.288953836107,127.107642314493,0.0,base_link,0,,,,,,P2_exit,85,
P2_exit,86,P,2,locked,,off,,0,114,off,0,114,-22.71805420,-28.55922175,166.49914569,FORWARD,37.288953836107,127.107642314493,0.0,base_link,0,,,,,,P2_exit,86,
P2_exit,87,P,2,locked,,off,,0,114,off,0,114,-22.90780296,-28.51287654,166.04696431,FORWARD,37.288953836107,127.107642314493,0.0,base_link,0,,,,,,P2_exit,87,
P2_exit,88,P,2,locked,,off,,0,114,off,0,114,-23.09716945,-28.46499363,165.56880092,FORWARD,37.288953836107,127.107642314493,0.0,base_link,0,,,,,,P2_exit,88,
P2_exit,89,P,2,locked,,off,,0,114,off,0,114,-23.28612090,-28.41549845,165.06876067,FORWARD,37.288953836107,127.107642314493,0.0,base_link,0,,,,,,P2_exit,89,
P2_exit,90,P,2,locked,,off,,0,114,off,0,114,-23.47462390,-28.36432205,164.55247394,FORWARD,37.288953836107,127.107642314493,0.0,base_link,0,,,,,,P2_exit,90,
P2_exit,91,P,2,locked,,off,,0,114,off,0,114,-23.66265386,-28.31143416,164.02772857,FORWARD,37.288953836107,127.107642314493,0.0,base_link,0,,,,,,P2_exit,91,
P2_exit,92,P,2,locked,,off,,0,114,off,0,114,-23.85019257,-28.25682987,163.50451400,FORWARD,37.288953836107,127.107642314493,0.0,base_link,0,,,,,,P2_exit,92,
P2_exit,93,P,2,locked,,off,,0,114,off,0,114,-24.03722938,-28.20053024,162.99553700,FORWARD,37.288953836107,127.107642314493,0.0,base_link,0,,,,,,P2_exit,93,
P2_exit,94,P,2,locked,,off,,0,114,off,0,114,-24.22377242,-28.14261536,162.51629526,FORWARD,37.288953836107,127.107642314493,0.0,base_link,0,,,,,,P2_exit,94,
P2_exit,95,P,2,locked,,off,,0,114,off,0,114,-24.40984886,-28.08321804,162.08494287,FORWARD,37.288953836107,127.107642314493,0.0,base_link,0,,,,,,P2_exit,95,
P2_exit,96,P,2,locked,,off,,0,114,off,0,114,-24.59550674,-28.02252460,161.72251858,FORWARD,37.288953836107,127.107642314493,0.0,base_link,0,,,,,,P2_exit,96,
P2_exit,97,P,2,locked,,off,,0,114,off,0,114,-24.78082424,-27.96079926,161.45158626,FORWARD,37.288953836107,127.107642314493,0.0,base_link,0,,,,,,P2_exit,97,
P2_exit,98,P,2,locked,,off,,0,114,off,0,114,-24.96590870,-27.89837821,161.29489001,FORWARD,37.288953836107,127.107642314493,0.0,base_link,0,,,,,,P2_exit,98,
P2_exit,99,P,2,locked,,off,,0,114,off,0,114,-25.15089321,-27.83566138,161.26480900,FORWARD,37.288953836107,127.107642314493,0.0,base_link,0,,,,,,P2_exit,99,
P2_exit,100,P,2,locked,,off,,0,114,off,0,114,-25.33587053,-27.77292336,161.26480900,FORWARD,37.288953836107,127.107642314493,0.0,base_link,0,,,,,,P2_exit,100,
P2_exit,101,P,2,locked,,off,,0,114,off,0,114,-25.52084785,-27.71018533,161.26480900,FORWARD,37.288953836107,127.107642314493,0.0,base_link,0,,,,,,P2_exit,101,
P2_exit,102,P,2,locked,,off,,0,114,off,0,114,-25.70582518,-27.64744731,161.26480900,FORWARD,37.288953836107,127.107642314493,0.0,base_link,0,,,,,,P2_exit,102,
P2_exit,103,P,2,locked,,off,,0,114,off,0,114,-25.89080250,-27.58470928,161.26480900,FORWARD,37.288953836107,127.107642314493,0.0,base_link,0,,,,,,P2_exit,103,
P2_exit,104,P,2,locked,,off,,0,114,off,0,114,-26.07577982,-27.52197126,161.26480900,FORWARD,37.288953836107,127.107642314493,0.0,base_link,0,,,,,,P2_exit,104,
P2_exit,105,P,2,locked,,off,,0,114,off,0,114,-26.26075714,-27.45923323,161.26480900,FORWARD,37.288953836107,127.107642314493,0.0,base_link,0,,,,,,P2_exit,105,
P2_exit,106,P,2,locked,,off,,0,114,off,0,114,-26.44573446,-27.39649521,161.26480900,FORWARD,37.288953836107,127.107642314493,0.0,base_link,0,,,,,,P2_exit,106,
P2_exit,107,P,2,locked,,off,,0,114,off,0,114,-26.63071179,-27.33375718,161.26480900,FORWARD,37.288953836107,127.107642314493,0.0,base_link,0,,,,,,P2_exit,107,
P2_exit,108,P,2,locked,,off,,0,114,off,0,114,-26.81568911,-27.27101916,161.26480900,FORWARD,37.288953836107,127.107642314493,0.0,base_link,0,,,,,,P2_exit,108,
P2_exit,109,P,2,locked,,off,,0,114,off,0,114,-27.00066643,-27.20828113,161.26480900,FORWARD,37.288953836107,127.107642314493,0.0,base_link,0,,,,,,P2_exit,109,
P2_exit,110,P,2,locked,,off,,0,114,off,0,114,-27.18564375,-27.14554311,161.26480900,FORWARD,37.288953836107,127.107642314493,0.0,base_link,0,,,,,,P2_exit,110,
P2_exit,111,P,2,locked,,off,,0,114,off,0,114,-27.37062107,-27.08280508,161.26480900,FORWARD,37.288953836107,127.107642314493,0.0,base_link,0,,,,,,P2_exit,111,
P2_exit,112,P,2,locked,,off,,0,114,off,0,114,-27.55559840,-27.02006706,161.26480900,FORWARD,37.288953836107,127.107642314493,0.0,base_link,0,,,,,,P2_exit,112,
P2_exit,113,P,2,locked,,off,,0,114,off,0,114,-27.74057572,-26.95732903,161.26480900,FORWARD,37.288953836107,127.107642314493,0.0,base_link,0,,,,,,P2_exit,113,
P2_exit,114,P,2,locked,,off,,0,114,off,0,114,-27.92555304,-26.89459101,161.26480900,FORWARD,37.288953836107,127.107642314493,0.0,base_link,0,,,,,,P2_exit,114,
